/*
Navicat MySQL Data Transfer

Source Server         : win 127.0.0.1
Source Server Version : 50611
Source Host           : localhost:3306
Source Database       : jiumu

Target Server Type    : MYSQL
Target Server Version : 50611
File Encoding         : 65001

Date: 2015-05-30 08:40:02
*/

SET FOREIGN_KEY_CHECKS=0;

-- ----------------------------
-- Table structure for jm_abc
-- ----------------------------
DROP TABLE IF EXISTS `jm_abc`;
CREATE TABLE `jm_abc` (
  `id` int(10) unsigned NOT NULL AUTO_INCREMENT,
  `name` varchar(20) NOT NULL,
  `remark` varchar(50) DEFAULT '',
  `width` int(10) unsigned NOT NULL DEFAULT '0',
  `height` int(10) unsigned NOT NULL DEFAULT '0',
  `setting` varchar(200) NOT NULL DEFAULT '',
  `type` tinyint(1) unsigned NOT NULL DEFAULT '0' COMMENT '类型',
  `num` tinyint(1) unsigned NOT NULL DEFAULT '0' COMMENT '调用数',
  `items` smallint(4) unsigned NOT NULL DEFAULT '0',
  PRIMARY KEY (`id`)
) ENGINE=MyISAM AUTO_INCREMENT=2 DEFAULT CHARSET=utf8;

-- ----------------------------
-- Records of jm_abc
-- ----------------------------
INSERT INTO `jm_abc` VALUES ('1', '首页幻灯', '首页', '722', '257', '<loop><li><a href=\"{$url}\"><img src=\"{$content}\" width=\"{$width}\" height=\"{$height}\" /></a></li></loop>', '2', '2', '2');

-- ----------------------------
-- Table structure for jm_abc_detail
-- ----------------------------
DROP TABLE IF EXISTS `jm_abc_detail`;
CREATE TABLE `jm_abc_detail` (
  `id` int(10) unsigned NOT NULL AUTO_INCREMENT,
  `title` varchar(60) NOT NULL DEFAULT '',
  `content` varchar(255) NOT NULL DEFAULT '',
  `url` varchar(200) NOT NULL DEFAULT '',
  `starttime` int(10) unsigned NOT NULL DEFAULT '0',
  `endtime` int(10) unsigned NOT NULL DEFAULT '0',
  `aid` int(10) unsigned NOT NULL DEFAULT '0',
  `sort` smallint(5) NOT NULL DEFAULT '0',
  `status` tinyint(1) unsigned DEFAULT NULL,
  PRIMARY KEY (`id`),
  KEY `aid` (`aid`)
) ENGINE=MyISAM AUTO_INCREMENT=3 DEFAULT CHARSET=utf8;

-- ----------------------------
-- Records of jm_abc_detail
-- ----------------------------
INSERT INTO `jm_abc_detail` VALUES ('1', '图片1', 'http://img9.xyhcms.com/banner/p1.jpg', '#', '1416276000', '1924912800', '1', '1', '1');
INSERT INTO `jm_abc_detail` VALUES ('2', '图片2', 'http://img9.xyhcms.com/banner/p2.jpg', '#', '1416276000', '1924912800', '1', '1', '1');

-- ----------------------------
-- Table structure for jm_access
-- ----------------------------
DROP TABLE IF EXISTS `jm_access`;
CREATE TABLE `jm_access` (
  `role_id` smallint(6) unsigned NOT NULL,
  `node_id` smallint(6) unsigned NOT NULL,
  `level` tinyint(1) NOT NULL,
  `module` varchar(50) DEFAULT NULL,
  KEY `groupId` (`role_id`),
  KEY `nodeId` (`node_id`)
) ENGINE=MyISAM DEFAULT CHARSET=utf8;

-- ----------------------------
-- Records of jm_access
-- ----------------------------
INSERT INTO `jm_access` VALUES ('1', '56', '2', null);
INSERT INTO `jm_access` VALUES ('1', '54', '3', null);
INSERT INTO `jm_access` VALUES ('1', '53', '3', null);
INSERT INTO `jm_access` VALUES ('1', '52', '3', null);
INSERT INTO `jm_access` VALUES ('1', '51', '2', null);
INSERT INTO `jm_access` VALUES ('1', '50', '3', null);
INSERT INTO `jm_access` VALUES ('1', '49', '3', null);
INSERT INTO `jm_access` VALUES ('1', '48', '3', null);
INSERT INTO `jm_access` VALUES ('1', '47', '3', null);
INSERT INTO `jm_access` VALUES ('1', '46', '2', null);
INSERT INTO `jm_access` VALUES ('1', '45', '3', null);
INSERT INTO `jm_access` VALUES ('1', '44', '3', null);
INSERT INTO `jm_access` VALUES ('1', '43', '3', null);
INSERT INTO `jm_access` VALUES ('1', '42', '3', null);
INSERT INTO `jm_access` VALUES ('1', '41', '2', null);
INSERT INTO `jm_access` VALUES ('1', '40', '3', null);
INSERT INTO `jm_access` VALUES ('1', '39', '3', null);
INSERT INTO `jm_access` VALUES ('1', '38', '3', null);
INSERT INTO `jm_access` VALUES ('1', '37', '3', null);
INSERT INTO `jm_access` VALUES ('1', '36', '2', null);
INSERT INTO `jm_access` VALUES ('1', '35', '3', null);
INSERT INTO `jm_access` VALUES ('1', '34', '3', null);
INSERT INTO `jm_access` VALUES ('1', '33', '3', null);
INSERT INTO `jm_access` VALUES ('1', '32', '3', null);
INSERT INTO `jm_access` VALUES ('1', '31', '2', null);
INSERT INTO `jm_access` VALUES ('1', '30', '3', null);
INSERT INTO `jm_access` VALUES ('1', '29', '3', null);
INSERT INTO `jm_access` VALUES ('1', '28', '3', null);
INSERT INTO `jm_access` VALUES ('1', '27', '3', null);
INSERT INTO `jm_access` VALUES ('1', '26', '3', null);
INSERT INTO `jm_access` VALUES ('1', '25', '2', null);
INSERT INTO `jm_access` VALUES ('1', '24', '3', null);
INSERT INTO `jm_access` VALUES ('1', '23', '3', null);
INSERT INTO `jm_access` VALUES ('1', '22', '3', null);
INSERT INTO `jm_access` VALUES ('1', '21', '3', null);
INSERT INTO `jm_access` VALUES ('1', '20', '3', null);
INSERT INTO `jm_access` VALUES ('1', '19', '2', null);
INSERT INTO `jm_access` VALUES ('1', '55', '3', null);
INSERT INTO `jm_access` VALUES ('1', '18', '3', null);
INSERT INTO `jm_access` VALUES ('1', '17', '2', null);
INSERT INTO `jm_access` VALUES ('1', '11', '3', null);
INSERT INTO `jm_access` VALUES ('1', '10', '3', null);
INSERT INTO `jm_access` VALUES ('1', '9', '3', null);
INSERT INTO `jm_access` VALUES ('1', '8', '3', null);
INSERT INTO `jm_access` VALUES ('1', '6', '3', null);
INSERT INTO `jm_access` VALUES ('1', '5', '3', null);
INSERT INTO `jm_access` VALUES ('1', '4', '3', null);
INSERT INTO `jm_access` VALUES ('1', '3', '3', null);
INSERT INTO `jm_access` VALUES ('1', '2', '2', null);
INSERT INTO `jm_access` VALUES ('1', '1', '1', null);
INSERT INTO `jm_access` VALUES ('1', '57', '3', null);
INSERT INTO `jm_access` VALUES ('1', '58', '3', null);
INSERT INTO `jm_access` VALUES ('1', '59', '2', null);
INSERT INTO `jm_access` VALUES ('1', '60', '3', null);
INSERT INTO `jm_access` VALUES ('1', '61', '3', null);
INSERT INTO `jm_access` VALUES ('1', '62', '3', null);
INSERT INTO `jm_access` VALUES ('1', '101', '2', null);
INSERT INTO `jm_access` VALUES ('1', '102', '3', null);
INSERT INTO `jm_access` VALUES ('1', '103', '3', null);
INSERT INTO `jm_access` VALUES ('1', '104', '3', null);
INSERT INTO `jm_access` VALUES ('1', '105', '3', null);
INSERT INTO `jm_access` VALUES ('1', '107', '2', null);
INSERT INTO `jm_access` VALUES ('1', '108', '3', null);
INSERT INTO `jm_access` VALUES ('1', '109', '3', null);
INSERT INTO `jm_access` VALUES ('1', '110', '3', null);
INSERT INTO `jm_access` VALUES ('1', '111', '3', null);
INSERT INTO `jm_access` VALUES ('1', '113', '3', null);
INSERT INTO `jm_access` VALUES ('1', '114', '2', null);
INSERT INTO `jm_access` VALUES ('1', '115', '3', null);
INSERT INTO `jm_access` VALUES ('1', '116', '3', null);
INSERT INTO `jm_access` VALUES ('1', '7', '1', null);

-- ----------------------------
-- Table structure for jm_active
-- ----------------------------
DROP TABLE IF EXISTS `jm_active`;
CREATE TABLE `jm_active` (
  `id` int(10) unsigned NOT NULL AUTO_INCREMENT,
  `userid` int(10) unsigned NOT NULL DEFAULT '0',
  `type` tinyint(1) unsigned NOT NULL DEFAULT '0' COMMENT '类型',
  `code` varchar(11) NOT NULL DEFAULT '' COMMENT '激活码',
  `expire` int(10) unsigned NOT NULL DEFAULT '0',
  `email` varchar(50) NOT NULL DEFAULT '',
  `updatetime` int(10) unsigned NOT NULL COMMENT '激活时间',
  PRIMARY KEY (`id`),
  KEY `userid` (`userid`)
) ENGINE=MyISAM DEFAULT CHARSET=utf8;

-- ----------------------------
-- Records of jm_active
-- ----------------------------

-- ----------------------------
-- Table structure for jm_admin
-- ----------------------------
DROP TABLE IF EXISTS `jm_admin`;
CREATE TABLE `jm_admin` (
  `id` int(10) unsigned NOT NULL AUTO_INCREMENT,
  `username` varchar(20) NOT NULL DEFAULT '' COMMENT '登录名',
  `password` varchar(32) NOT NULL DEFAULT '' COMMENT '密码',
  `encrypt` varchar(6) NOT NULL DEFAULT '',
  `realname` varchar(20) NOT NULL DEFAULT '',
  `email` varchar(100) NOT NULL DEFAULT '',
  `usertype` tinyint(4) NOT NULL DEFAULT '0',
  `logintime` int(10) unsigned NOT NULL COMMENT '登录时间',
  `loginip` varchar(30) NOT NULL COMMENT '登录IP',
  `islock` tinyint(1) unsigned NOT NULL DEFAULT '0' COMMENT '锁定状态',
  PRIMARY KEY (`id`)
) ENGINE=MyISAM AUTO_INCREMENT=3 DEFAULT CHARSET=utf8 COMMENT='网站后台管理员表';

-- ----------------------------
-- Records of jm_admin
-- ----------------------------
INSERT INTO `jm_admin` VALUES ('1', 'jiumuadmin', 'e831b7acedeaac4d05017afa51346389', 'Im4QqX', '张伟林', '', '9', '1429008242', '127.0.0.1', '0');
INSERT INTO `jm_admin` VALUES ('2', 'jiumu', 'e5651a170bb798efd7c4eb34f0f7f4ed', '9zzqBY', '', '', '0', '1428917933', '127.0.0.1', '0');

-- ----------------------------
-- Table structure for jm_announce
-- ----------------------------
DROP TABLE IF EXISTS `jm_announce`;
CREATE TABLE `jm_announce` (
  `id` int(10) unsigned NOT NULL AUTO_INCREMENT,
  `title` varchar(100) NOT NULL,
  `content` text NOT NULL,
  `starttime` int(10) unsigned NOT NULL DEFAULT '0',
  `endtime` int(10) unsigned NOT NULL DEFAULT '0',
  `status` tinyint(1) NOT NULL DEFAULT '0',
  `posttime` int(10) unsigned NOT NULL DEFAULT '0',
  PRIMARY KEY (`id`)
) ENGINE=MyISAM DEFAULT CHARSET=utf8;

-- ----------------------------
-- Records of jm_announce
-- ----------------------------

-- ----------------------------
-- Table structure for jm_area
-- ----------------------------
DROP TABLE IF EXISTS `jm_area`;
CREATE TABLE `jm_area` (
  `id` int(10) unsigned NOT NULL,
  `name` varchar(20) NOT NULL DEFAULT '',
  `sname` varchar(10) NOT NULL DEFAULT '' COMMENT '简称',
  `ename` varchar(50) NOT NULL DEFAULT '',
  `pid` int(10) unsigned NOT NULL DEFAULT '0',
  `sort` int(10) unsigned NOT NULL DEFAULT '0',
  PRIMARY KEY (`id`)
) ENGINE=MyISAM DEFAULT CHARSET=utf8;

-- ----------------------------
-- Records of jm_area
-- ----------------------------
INSERT INTO `jm_area` VALUES ('1', '北京市', '北京', '', '0', '0');
INSERT INTO `jm_area` VALUES ('2', '上海市', '上海', '', '0', '0');
INSERT INTO `jm_area` VALUES ('3', '天津市', '天津', '', '0', '0');
INSERT INTO `jm_area` VALUES ('4', '重庆市', '重庆', '', '0', '0');
INSERT INTO `jm_area` VALUES ('5', '广东省', '广东', '', '0', '0');
INSERT INTO `jm_area` VALUES ('6', '福建省', '福建', '', '0', '0');
INSERT INTO `jm_area` VALUES ('7', '浙江省', '浙江', '', '0', '0');
INSERT INTO `jm_area` VALUES ('8', '江苏省', '江苏', '', '0', '0');
INSERT INTO `jm_area` VALUES ('9', '山东省', '山东', '', '0', '0');
INSERT INTO `jm_area` VALUES ('10', '辽宁省', '辽宁', '', '0', '0');
INSERT INTO `jm_area` VALUES ('11', '江西省', '江西', '', '0', '0');
INSERT INTO `jm_area` VALUES ('12', '四川省', '四川', '', '0', '0');
INSERT INTO `jm_area` VALUES ('13', '陕西省', '陕西', '', '0', '0');
INSERT INTO `jm_area` VALUES ('14', '湖北省', '湖北', '', '0', '0');
INSERT INTO `jm_area` VALUES ('15', '河南省', '河南', '', '0', '0');
INSERT INTO `jm_area` VALUES ('16', '河北省', '河北', '', '0', '0');
INSERT INTO `jm_area` VALUES ('17', '山西省', '山西', '', '0', '0');
INSERT INTO `jm_area` VALUES ('18', '内蒙古', '内蒙古', '', '0', '0');
INSERT INTO `jm_area` VALUES ('19', '吉林省', '吉林', '', '0', '0');
INSERT INTO `jm_area` VALUES ('20', '黑龙江', '黑龙江', '', '0', '0');
INSERT INTO `jm_area` VALUES ('21', '安徽省', '安徽', '', '0', '0');
INSERT INTO `jm_area` VALUES ('22', '湖南省', '湖南', '', '0', '0');
INSERT INTO `jm_area` VALUES ('23', '广西', '广西', '', '0', '0');
INSERT INTO `jm_area` VALUES ('24', '海南省', '海南', '', '0', '0');
INSERT INTO `jm_area` VALUES ('25', '云南省', '云南', '', '0', '0');
INSERT INTO `jm_area` VALUES ('26', '贵州省', '贵州', '', '0', '0');
INSERT INTO `jm_area` VALUES ('27', '西藏', '西藏', '', '0', '0');
INSERT INTO `jm_area` VALUES ('28', '甘肃省', '甘肃', '', '0', '0');
INSERT INTO `jm_area` VALUES ('29', '宁夏区', '宁夏区', '', '0', '0');
INSERT INTO `jm_area` VALUES ('30', '青海省', '青海', '', '0', '0');
INSERT INTO `jm_area` VALUES ('31', '新疆', '新疆', '', '0', '0');
INSERT INTO `jm_area` VALUES ('32', '香港', '香港', '', '0', '0');
INSERT INTO `jm_area` VALUES ('33', '澳门', '澳门', '', '0', '0');
INSERT INTO `jm_area` VALUES ('34', '台湾省', '台湾', '', '0', '0');
INSERT INTO `jm_area` VALUES ('60', '海外', '海外', '', '0', '0');
INSERT INTO `jm_area` VALUES ('101', '东城区', '东城区', '', '1', '0');
INSERT INTO `jm_area` VALUES ('102', '西城区', '西城区', '', '1', '0');
INSERT INTO `jm_area` VALUES ('103', '崇文区', '崇文区', '', '1', '0');
INSERT INTO `jm_area` VALUES ('104', '宣武区', '宣武区', '', '1', '0');
INSERT INTO `jm_area` VALUES ('105', '朝阳区', '朝阳区', '', '1', '0');
INSERT INTO `jm_area` VALUES ('106', '海淀区', '海淀区', '', '1', '0');
INSERT INTO `jm_area` VALUES ('107', '丰台区', '丰台区', '', '1', '0');
INSERT INTO `jm_area` VALUES ('108', '石景山区', '石景山区', '', '1', '0');
INSERT INTO `jm_area` VALUES ('109', '门头沟区', '门头沟区', '', '1', '0');
INSERT INTO `jm_area` VALUES ('110', '房山区', '房山区', '', '1', '0');
INSERT INTO `jm_area` VALUES ('111', '通州区', '通区', '', '1', '0');
INSERT INTO `jm_area` VALUES ('112', '顺义区', '顺义区', '', '1', '0');
INSERT INTO `jm_area` VALUES ('113', '昌平区', '昌平区', '', '1', '0');
INSERT INTO `jm_area` VALUES ('114', '大兴区', '大兴区', '', '1', '0');
INSERT INTO `jm_area` VALUES ('115', '平谷县', '平谷县', '', '1', '0');
INSERT INTO `jm_area` VALUES ('116', '怀柔县', '怀柔县', '', '1', '0');
INSERT INTO `jm_area` VALUES ('117', '密云县', '密云县', '', '1', '0');
INSERT INTO `jm_area` VALUES ('118', '延庆县', '延庆县', '', '1', '0');
INSERT INTO `jm_area` VALUES ('201', '黄浦区', '黄浦区', '', '2', '0');
INSERT INTO `jm_area` VALUES ('202', '卢湾区', '卢湾区', '', '2', '0');
INSERT INTO `jm_area` VALUES ('203', '徐汇区', '徐汇区', '', '2', '0');
INSERT INTO `jm_area` VALUES ('204', '长宁区', '长宁区', '', '2', '0');
INSERT INTO `jm_area` VALUES ('205', '静安区', '静安区', '', '2', '0');
INSERT INTO `jm_area` VALUES ('206', '普陀区', '普陀区', '', '2', '0');
INSERT INTO `jm_area` VALUES ('207', '闸北区', '闸北区', '', '2', '0');
INSERT INTO `jm_area` VALUES ('208', '虹口区', '虹口区', '', '2', '0');
INSERT INTO `jm_area` VALUES ('209', '杨浦区', '杨浦区', '', '2', '0');
INSERT INTO `jm_area` VALUES ('210', '宝山区', '宝山区', '', '2', '0');
INSERT INTO `jm_area` VALUES ('211', '闵行区', '闵行区', '', '2', '0');
INSERT INTO `jm_area` VALUES ('212', '嘉定区', '嘉定区', '', '2', '0');
INSERT INTO `jm_area` VALUES ('213', '浦东新区', '浦东新区', '', '2', '0');
INSERT INTO `jm_area` VALUES ('214', '松江区', '松江区', '', '2', '0');
INSERT INTO `jm_area` VALUES ('215', '金山区', '金山区', '', '2', '0');
INSERT INTO `jm_area` VALUES ('216', '青浦区', '青浦区', '', '2', '0');
INSERT INTO `jm_area` VALUES ('217', '南汇区', '南汇区', '', '2', '0');
INSERT INTO `jm_area` VALUES ('218', '奉贤区', '奉贤区', '', '2', '0');
INSERT INTO `jm_area` VALUES ('219', '崇明县', '崇明县', '', '2', '0');
INSERT INTO `jm_area` VALUES ('301', '和平区', '和平区', '', '3', '0');
INSERT INTO `jm_area` VALUES ('302', '河东区', '河东区', '', '3', '0');
INSERT INTO `jm_area` VALUES ('303', '河西区', '河西区', '', '3', '0');
INSERT INTO `jm_area` VALUES ('304', '南开区', '南开区', '', '3', '0');
INSERT INTO `jm_area` VALUES ('305', '河北区', '河北区', '', '3', '0');
INSERT INTO `jm_area` VALUES ('306', '红桥区', '红桥区', '', '3', '0');
INSERT INTO `jm_area` VALUES ('307', '塘沽区', '塘沽区', '', '3', '0');
INSERT INTO `jm_area` VALUES ('308', '汉沽区', '汉沽区', '', '3', '0');
INSERT INTO `jm_area` VALUES ('309', '大港区', '大港区', '', '3', '0');
INSERT INTO `jm_area` VALUES ('310', '东丽区', '东丽区', '', '3', '0');
INSERT INTO `jm_area` VALUES ('311', '西青区', '西青区', '', '3', '0');
INSERT INTO `jm_area` VALUES ('312', '北辰区', '北辰区', '', '3', '0');
INSERT INTO `jm_area` VALUES ('313', '津南区', '津南区', '', '3', '0');
INSERT INTO `jm_area` VALUES ('314', '武清区', '武清区', '', '3', '0');
INSERT INTO `jm_area` VALUES ('315', '宝坻区', '宝坻区', '', '3', '0');
INSERT INTO `jm_area` VALUES ('316', '静海县', '静海县', '', '3', '0');
INSERT INTO `jm_area` VALUES ('317', '宁河县', '宁河县', '', '3', '0');
INSERT INTO `jm_area` VALUES ('318', '蓟县', '蓟县', '', '3', '0');
INSERT INTO `jm_area` VALUES ('401', '渝中区', '渝中区', '', '4', '0');
INSERT INTO `jm_area` VALUES ('402', '大渡口区', '大渡口区', '', '4', '0');
INSERT INTO `jm_area` VALUES ('403', '江北区', '江北区', '', '4', '0');
INSERT INTO `jm_area` VALUES ('404', '沙坪坝区', '沙坪坝区', '', '4', '0');
INSERT INTO `jm_area` VALUES ('405', '九龙坡区', '九龙坡区', '', '4', '0');
INSERT INTO `jm_area` VALUES ('406', '南岸区', '南岸区', '', '4', '0');
INSERT INTO `jm_area` VALUES ('407', '北碚区', '北碚区', '', '4', '0');
INSERT INTO `jm_area` VALUES ('408', '万盛区', '万盛区', '', '4', '0');
INSERT INTO `jm_area` VALUES ('409', '双桥区', '双桥区', '', '4', '0');
INSERT INTO `jm_area` VALUES ('410', '渝北区', '渝北区', '', '4', '0');
INSERT INTO `jm_area` VALUES ('411', '巴南区', '巴南区', '', '4', '0');
INSERT INTO `jm_area` VALUES ('412', '万州区', '万区', '', '4', '0');
INSERT INTO `jm_area` VALUES ('413', '涪陵区', '涪陵区', '', '4', '0');
INSERT INTO `jm_area` VALUES ('414', '黔江区', '黔江区', '', '4', '0');
INSERT INTO `jm_area` VALUES ('415', '永川市', '永川', '', '4', '0');
INSERT INTO `jm_area` VALUES ('416', '合川市', '合川', '', '4', '0');
INSERT INTO `jm_area` VALUES ('417', '江津市', '江津', '', '4', '0');
INSERT INTO `jm_area` VALUES ('418', '南川市', '南川', '', '4', '0');
INSERT INTO `jm_area` VALUES ('419', '长寿县', '长寿县', '', '4', '0');
INSERT INTO `jm_area` VALUES ('420', '綦江县', '綦江县', '', '4', '0');
INSERT INTO `jm_area` VALUES ('421', '潼南县', '潼南县', '', '4', '0');
INSERT INTO `jm_area` VALUES ('422', '荣昌县', '荣昌县', '', '4', '0');
INSERT INTO `jm_area` VALUES ('423', '璧山县', '璧山县', '', '4', '0');
INSERT INTO `jm_area` VALUES ('424', '大足县', '大足县', '', '4', '0');
INSERT INTO `jm_area` VALUES ('425', '铜梁县', '铜梁县', '', '4', '0');
INSERT INTO `jm_area` VALUES ('426', '梁平县', '梁平县', '', '4', '0');
INSERT INTO `jm_area` VALUES ('427', '城口县', '城口县', '', '4', '0');
INSERT INTO `jm_area` VALUES ('428', '垫江县', '垫江县', '', '4', '0');
INSERT INTO `jm_area` VALUES ('429', '武隆县', '武隆县', '', '4', '0');
INSERT INTO `jm_area` VALUES ('430', '丰都县', '丰都县', '', '4', '0');
INSERT INTO `jm_area` VALUES ('431', '奉节县', '奉节县', '', '4', '0');
INSERT INTO `jm_area` VALUES ('432', '开县', '开县', '', '4', '0');
INSERT INTO `jm_area` VALUES ('433', '云阳县', '云阳县', '', '4', '0');
INSERT INTO `jm_area` VALUES ('434', '忠县', '忠县', '', '4', '0');
INSERT INTO `jm_area` VALUES ('435', '巫溪县', '巫溪县', '', '4', '0');
INSERT INTO `jm_area` VALUES ('436', '巫山县', '巫山县', '', '4', '0');
INSERT INTO `jm_area` VALUES ('437', '石柱县', '石柱县', '', '4', '0');
INSERT INTO `jm_area` VALUES ('438', '秀山县', '秀山县', '', '4', '0');
INSERT INTO `jm_area` VALUES ('439', '酉阳县', '酉阳县', '', '4', '0');
INSERT INTO `jm_area` VALUES ('440', '彭水县', '彭水县', '', '4', '0');
INSERT INTO `jm_area` VALUES ('501', '广州市', '广州', '', '5', '0');
INSERT INTO `jm_area` VALUES ('502', '深圳市', '深圳', '', '5', '0');
INSERT INTO `jm_area` VALUES ('503', '珠海市', '珠海', '', '5', '0');
INSERT INTO `jm_area` VALUES ('504', '汕头市', '汕头', '', '5', '0');
INSERT INTO `jm_area` VALUES ('505', '韶关市', '韶关', '', '5', '0');
INSERT INTO `jm_area` VALUES ('506', '河源市', '河源', '', '5', '0');
INSERT INTO `jm_area` VALUES ('507', '梅州市', '梅州', '', '5', '0');
INSERT INTO `jm_area` VALUES ('508', '惠州市', '惠州', '', '5', '0');
INSERT INTO `jm_area` VALUES ('509', '汕尾市', '汕尾', '', '5', '0');
INSERT INTO `jm_area` VALUES ('510', '东莞市', '东莞', '', '5', '0');
INSERT INTO `jm_area` VALUES ('511', '中山市', '中山', '', '5', '0');
INSERT INTO `jm_area` VALUES ('512', '江门市', '江门', '', '5', '0');
INSERT INTO `jm_area` VALUES ('513', '佛山市', '佛山', '', '5', '0');
INSERT INTO `jm_area` VALUES ('514', '阳江市', '阳江', '', '5', '0');
INSERT INTO `jm_area` VALUES ('515', '湛江市', '湛江', '', '5', '0');
INSERT INTO `jm_area` VALUES ('516', '茂名市', '茂名', '', '5', '0');
INSERT INTO `jm_area` VALUES ('517', '肇庆市', '肇庆', '', '5', '0');
INSERT INTO `jm_area` VALUES ('518', '清远市', '清远', '', '5', '0');
INSERT INTO `jm_area` VALUES ('519', '潮州市', '潮州', '', '5', '0');
INSERT INTO `jm_area` VALUES ('520', '揭阳市', '揭阳', '', '5', '0');
INSERT INTO `jm_area` VALUES ('521', '云浮市', '云浮', '', '5', '0');
INSERT INTO `jm_area` VALUES ('601', '福州市', '福州', '', '6', '0');
INSERT INTO `jm_area` VALUES ('602', '厦门市', '厦门', '', '6', '0');
INSERT INTO `jm_area` VALUES ('603', '三明市', '三明', '', '6', '0');
INSERT INTO `jm_area` VALUES ('604', '莆田市', '莆田', '', '6', '0');
INSERT INTO `jm_area` VALUES ('605', '泉州市', '泉州', '', '6', '0');
INSERT INTO `jm_area` VALUES ('606', '漳州市', '漳州', '', '6', '0');
INSERT INTO `jm_area` VALUES ('607', '南平市', '南平', '', '6', '0');
INSERT INTO `jm_area` VALUES ('608', '龙岩市', '龙岩', '', '6', '0');
INSERT INTO `jm_area` VALUES ('609', '宁德市', '宁德', '', '6', '0');
INSERT INTO `jm_area` VALUES ('701', '杭州市', '杭州', '', '7', '0');
INSERT INTO `jm_area` VALUES ('702', '宁波市', '宁波', '', '7', '0');
INSERT INTO `jm_area` VALUES ('703', '温州市', '温州', '', '7', '0');
INSERT INTO `jm_area` VALUES ('704', '嘉兴市', '嘉兴', '', '7', '0');
INSERT INTO `jm_area` VALUES ('705', '湖州市', '湖州', '', '7', '0');
INSERT INTO `jm_area` VALUES ('706', '绍兴市', '绍兴', '', '7', '0');
INSERT INTO `jm_area` VALUES ('707', '金华市', '金华', '', '7', '0');
INSERT INTO `jm_area` VALUES ('708', '衢州市', '衢州', '', '7', '0');
INSERT INTO `jm_area` VALUES ('709', '舟山市', '舟山', '', '7', '0');
INSERT INTO `jm_area` VALUES ('710', '台州市', '台州', '', '7', '0');
INSERT INTO `jm_area` VALUES ('711', '丽水市', '丽水', '', '7', '0');
INSERT INTO `jm_area` VALUES ('801', '南京市', '南京', '', '8', '0');
INSERT INTO `jm_area` VALUES ('802', '徐州市', '徐州', '', '8', '0');
INSERT INTO `jm_area` VALUES ('803', '连云港市', '连云港', '', '8', '0');
INSERT INTO `jm_area` VALUES ('804', '淮安市', '淮安', '', '8', '0');
INSERT INTO `jm_area` VALUES ('805', '宿迁市', '宿迁', '', '8', '0');
INSERT INTO `jm_area` VALUES ('806', '盐城市', '盐城', '', '8', '0');
INSERT INTO `jm_area` VALUES ('807', '扬州市', '扬州', '', '8', '0');
INSERT INTO `jm_area` VALUES ('808', '泰州市', '泰州', '', '8', '0');
INSERT INTO `jm_area` VALUES ('809', '南通市', '南通', '', '8', '0');
INSERT INTO `jm_area` VALUES ('810', '镇江市', '镇江', '', '8', '0');
INSERT INTO `jm_area` VALUES ('811', '常州市', '常州', '', '8', '0');
INSERT INTO `jm_area` VALUES ('812', '无锡市', '无锡', '', '8', '0');
INSERT INTO `jm_area` VALUES ('813', '苏州市', '苏州', '', '8', '0');
INSERT INTO `jm_area` VALUES ('901', '济南市', '济南', '', '9', '0');
INSERT INTO `jm_area` VALUES ('902', '青岛市', '青岛', '', '9', '0');
INSERT INTO `jm_area` VALUES ('903', '淄博市', '淄博', '', '9', '0');
INSERT INTO `jm_area` VALUES ('904', '枣庄市', '枣庄', '', '9', '0');
INSERT INTO `jm_area` VALUES ('905', '东营市', '东营', '', '9', '0');
INSERT INTO `jm_area` VALUES ('906', '潍坊市', '潍坊', '', '9', '0');
INSERT INTO `jm_area` VALUES ('907', '烟台市', '烟台', '', '9', '0');
INSERT INTO `jm_area` VALUES ('908', '威海市', '威海', '', '9', '0');
INSERT INTO `jm_area` VALUES ('909', '济宁市', '济宁', '', '9', '0');
INSERT INTO `jm_area` VALUES ('910', '泰安市', '泰安', '', '9', '0');
INSERT INTO `jm_area` VALUES ('911', '日照市', '日照', '', '9', '0');
INSERT INTO `jm_area` VALUES ('912', '莱芜市', '莱芜', '', '9', '0');
INSERT INTO `jm_area` VALUES ('913', '德州市', '德州', '', '9', '0');
INSERT INTO `jm_area` VALUES ('914', '临沂市', '临沂', '', '9', '0');
INSERT INTO `jm_area` VALUES ('915', '聊城市', '聊城', '', '9', '0');
INSERT INTO `jm_area` VALUES ('916', '滨州市', '滨州', '', '9', '0');
INSERT INTO `jm_area` VALUES ('917', '菏泽市', '菏泽', '', '9', '0');
INSERT INTO `jm_area` VALUES ('1001', '沈阳市', '沈阳', '', '10', '0');
INSERT INTO `jm_area` VALUES ('1002', '大连市', '大连', '', '10', '0');
INSERT INTO `jm_area` VALUES ('1003', '鞍山市', '鞍山', '', '10', '0');
INSERT INTO `jm_area` VALUES ('1004', '抚顺市', '抚顺', '', '10', '0');
INSERT INTO `jm_area` VALUES ('1005', '本溪市', '本溪', '', '10', '0');
INSERT INTO `jm_area` VALUES ('1006', '丹东市', '丹东', '', '10', '0');
INSERT INTO `jm_area` VALUES ('1007', '锦州市', '锦州', '', '10', '0');
INSERT INTO `jm_area` VALUES ('1008', '葫芦岛市', '葫芦岛', '', '10', '0');
INSERT INTO `jm_area` VALUES ('1009', '营口市', '营口', '', '10', '0');
INSERT INTO `jm_area` VALUES ('1010', '盘锦市', '盘锦', '', '10', '0');
INSERT INTO `jm_area` VALUES ('1011', '阜新市', '阜新', '', '10', '0');
INSERT INTO `jm_area` VALUES ('1012', '辽阳市', '辽阳', '', '10', '0');
INSERT INTO `jm_area` VALUES ('1013', '铁岭市', '铁岭', '', '10', '0');
INSERT INTO `jm_area` VALUES ('1014', '朝阳市', '朝阳', '', '10', '0');
INSERT INTO `jm_area` VALUES ('1101', '南昌市', '南昌', '', '11', '0');
INSERT INTO `jm_area` VALUES ('1102', '景德镇市', '景德镇', '', '11', '0');
INSERT INTO `jm_area` VALUES ('1103', '萍乡市', '萍乡', '', '11', '0');
INSERT INTO `jm_area` VALUES ('1104', '新余市', '新余', '', '11', '0');
INSERT INTO `jm_area` VALUES ('1105', '九江市', '九江', '', '11', '0');
INSERT INTO `jm_area` VALUES ('1106', '鹰潭市', '鹰潭', '', '11', '0');
INSERT INTO `jm_area` VALUES ('1107', '赣州市', '赣州', '', '11', '0');
INSERT INTO `jm_area` VALUES ('1108', '吉安市', '吉安', '', '11', '0');
INSERT INTO `jm_area` VALUES ('1109', '宜春市', '宜春', '', '11', '0');
INSERT INTO `jm_area` VALUES ('1110', '抚州市', '抚州', '', '11', '0');
INSERT INTO `jm_area` VALUES ('1111', '上饶市', '上饶', '', '11', '0');
INSERT INTO `jm_area` VALUES ('1201', '成都市', '成都', '', '12', '0');
INSERT INTO `jm_area` VALUES ('1202', '自贡市', '自贡', '', '12', '0');
INSERT INTO `jm_area` VALUES ('1203', '攀枝花市', '攀枝花', '', '12', '0');
INSERT INTO `jm_area` VALUES ('1204', '泸州市', '泸州', '', '12', '0');
INSERT INTO `jm_area` VALUES ('1205', '德阳市', '德阳', '', '12', '0');
INSERT INTO `jm_area` VALUES ('1206', '绵阳市', '绵阳', '', '12', '0');
INSERT INTO `jm_area` VALUES ('1207', '广元市', '广元', '', '12', '0');
INSERT INTO `jm_area` VALUES ('1208', '遂宁市', '遂宁', '', '12', '0');
INSERT INTO `jm_area` VALUES ('1209', '内江市', '内江', '', '12', '0');
INSERT INTO `jm_area` VALUES ('1210', '乐山市', '乐山', '', '12', '0');
INSERT INTO `jm_area` VALUES ('1211', '南充市', '南充', '', '12', '0');
INSERT INTO `jm_area` VALUES ('1212', '宜宾市', '宜宾', '', '12', '0');
INSERT INTO `jm_area` VALUES ('1213', '广安市', '广安', '', '12', '0');
INSERT INTO `jm_area` VALUES ('1214', '达州市', '达州', '', '12', '0');
INSERT INTO `jm_area` VALUES ('1215', '巴中市', '巴中', '', '12', '0');
INSERT INTO `jm_area` VALUES ('1216', '雅安市', '雅安', '', '12', '0');
INSERT INTO `jm_area` VALUES ('1217', '眉山市', '眉山', '', '12', '0');
INSERT INTO `jm_area` VALUES ('1218', '资阳市', '资阳', '', '12', '0');
INSERT INTO `jm_area` VALUES ('1219', '阿坝州', '阿坝', '', '12', '0');
INSERT INTO `jm_area` VALUES ('1220', '甘孜州', '甘孜', '', '12', '0');
INSERT INTO `jm_area` VALUES ('1221', '凉山州', '凉山', '', '12', '0');
INSERT INTO `jm_area` VALUES ('3114', '西安市', '西安', '', '13', '0');
INSERT INTO `jm_area` VALUES ('1302', '铜川市', '铜川', '', '13', '0');
INSERT INTO `jm_area` VALUES ('1303', '宝鸡市', '宝鸡', '', '13', '0');
INSERT INTO `jm_area` VALUES ('1304', '咸阳市', '咸阳', '', '13', '0');
INSERT INTO `jm_area` VALUES ('1305', '渭南市', '渭南', '', '13', '0');
INSERT INTO `jm_area` VALUES ('1306', '延安市', '延安', '', '13', '0');
INSERT INTO `jm_area` VALUES ('1307', '汉中市', '汉中', '', '13', '0');
INSERT INTO `jm_area` VALUES ('1308', '榆林市', '榆林', '', '13', '0');
INSERT INTO `jm_area` VALUES ('1309', '安康市', '安康', '', '13', '0');
INSERT INTO `jm_area` VALUES ('1310', '商洛地区', '商洛地区', '', '13', '0');
INSERT INTO `jm_area` VALUES ('1401', '武汉市', '武汉', '', '14', '0');
INSERT INTO `jm_area` VALUES ('1402', '黄石市', '黄石', '', '14', '0');
INSERT INTO `jm_area` VALUES ('1403', '襄樊市', '襄樊', '', '14', '0');
INSERT INTO `jm_area` VALUES ('1404', '十堰市', '十堰', '', '14', '0');
INSERT INTO `jm_area` VALUES ('1405', '荆州市', '荆州', '', '14', '0');
INSERT INTO `jm_area` VALUES ('1406', '宜昌市', '宜昌', '', '14', '0');
INSERT INTO `jm_area` VALUES ('1407', '荆门市', '荆门', '', '14', '0');
INSERT INTO `jm_area` VALUES ('1408', '鄂州市', '鄂州', '', '14', '0');
INSERT INTO `jm_area` VALUES ('1409', '孝感市', '孝感', '', '14', '0');
INSERT INTO `jm_area` VALUES ('1410', '黄冈市', '黄冈', '', '14', '0');
INSERT INTO `jm_area` VALUES ('1411', '咸宁市', '咸宁', '', '14', '0');
INSERT INTO `jm_area` VALUES ('1412', '随州市', '随州', '', '14', '0');
INSERT INTO `jm_area` VALUES ('1413', '仙桃市', '仙桃', '', '14', '0');
INSERT INTO `jm_area` VALUES ('1414', '天门市', '天门', '', '14', '0');
INSERT INTO `jm_area` VALUES ('1415', '潜江市', '潜江', '', '14', '0');
INSERT INTO `jm_area` VALUES ('1416', '神农架', '神农架', '', '14', '0');
INSERT INTO `jm_area` VALUES ('1417', '恩施州', '恩施', '', '14', '0');
INSERT INTO `jm_area` VALUES ('1501', '郑州市', '郑州', '', '15', '0');
INSERT INTO `jm_area` VALUES ('1502', '开封市', '开封', '', '15', '0');
INSERT INTO `jm_area` VALUES ('1503', '洛阳市', '洛阳', '', '15', '0');
INSERT INTO `jm_area` VALUES ('1504', '平顶山市', '平顶山', '', '15', '0');
INSERT INTO `jm_area` VALUES ('1505', '焦作市', '焦作', '', '15', '0');
INSERT INTO `jm_area` VALUES ('1506', '鹤壁市', '鹤壁', '', '15', '0');
INSERT INTO `jm_area` VALUES ('1507', '新乡市', '新乡', '', '15', '0');
INSERT INTO `jm_area` VALUES ('1508', '安阳市', '安阳', '', '15', '0');
INSERT INTO `jm_area` VALUES ('1509', '濮阳市', '濮阳', '', '15', '0');
INSERT INTO `jm_area` VALUES ('1510', '许昌市', '许昌', '', '15', '0');
INSERT INTO `jm_area` VALUES ('1511', '漯河市', '漯河', '', '15', '0');
INSERT INTO `jm_area` VALUES ('1512', '三门峡市', '三门峡', '', '15', '0');
INSERT INTO `jm_area` VALUES ('1513', '南阳市', '南阳', '', '15', '0');
INSERT INTO `jm_area` VALUES ('1514', '商丘市', '商丘', '', '15', '0');
INSERT INTO `jm_area` VALUES ('1515', '信阳市', '信阳', '', '15', '0');
INSERT INTO `jm_area` VALUES ('1516', '周口市', '周口', '', '15', '0');
INSERT INTO `jm_area` VALUES ('1517', '驻马店市', '驻马店', '', '15', '0');
INSERT INTO `jm_area` VALUES ('1518', '济源市', '济源', '', '15', '0');
INSERT INTO `jm_area` VALUES ('1601', '石家庄市', '石家庄', '', '16', '0');
INSERT INTO `jm_area` VALUES ('1602', '唐山市', '唐山', '', '16', '0');
INSERT INTO `jm_area` VALUES ('1603', '秦皇岛市', '秦皇岛', '', '16', '0');
INSERT INTO `jm_area` VALUES ('1604', '邯郸市', '邯郸', '', '16', '0');
INSERT INTO `jm_area` VALUES ('1605', '邢台市', '邢台', '', '16', '0');
INSERT INTO `jm_area` VALUES ('1606', '保定市', '保定', '', '16', '0');
INSERT INTO `jm_area` VALUES ('1607', '张家口市', '张家口', '', '16', '0');
INSERT INTO `jm_area` VALUES ('1608', '承德市', '承德', '', '16', '0');
INSERT INTO `jm_area` VALUES ('1609', '沧州市', '沧州', '', '16', '0');
INSERT INTO `jm_area` VALUES ('1610', '廊坊市', '廊坊', '', '16', '0');
INSERT INTO `jm_area` VALUES ('1611', '衡水市', '衡水', '', '16', '0');
INSERT INTO `jm_area` VALUES ('1701', '太原市', '太原', '', '17', '0');
INSERT INTO `jm_area` VALUES ('1702', '大同市', '大同', '', '17', '0');
INSERT INTO `jm_area` VALUES ('1703', '阳泉市', '阳泉', '', '17', '0');
INSERT INTO `jm_area` VALUES ('1704', '长治市', '长治', '', '17', '0');
INSERT INTO `jm_area` VALUES ('1705', '晋城市', '晋城', '', '17', '0');
INSERT INTO `jm_area` VALUES ('1706', '朔州市', '朔州', '', '17', '0');
INSERT INTO `jm_area` VALUES ('1707', '晋中市', '晋中', '', '17', '0');
INSERT INTO `jm_area` VALUES ('1708', '忻州市', '忻州', '', '17', '0');
INSERT INTO `jm_area` VALUES ('1709', '临汾市', '临汾', '', '17', '0');
INSERT INTO `jm_area` VALUES ('1710', '运城市', '运城', '', '17', '0');
INSERT INTO `jm_area` VALUES ('1711', '吕梁地区', '吕梁地区', '', '17', '0');
INSERT INTO `jm_area` VALUES ('1801', '呼和浩特', '呼和浩特', '', '18', '0');
INSERT INTO `jm_area` VALUES ('1802', '包头市', '包头', '', '18', '0');
INSERT INTO `jm_area` VALUES ('1803', '乌海市', '乌海', '', '18', '0');
INSERT INTO `jm_area` VALUES ('1804', '赤峰市', '赤峰', '', '18', '0');
INSERT INTO `jm_area` VALUES ('1805', '通辽市', '通辽', '', '18', '0');
INSERT INTO `jm_area` VALUES ('1806', '鄂尔多斯', '鄂尔多斯', '', '18', '0');
INSERT INTO `jm_area` VALUES ('1807', '乌兰察布', '乌兰察布', '', '18', '0');
INSERT INTO `jm_area` VALUES ('1808', '锡林郭勒', '锡林郭勒', '', '18', '0');
INSERT INTO `jm_area` VALUES ('1809', '呼伦贝尔', '呼伦贝尔', '', '18', '0');
INSERT INTO `jm_area` VALUES ('1810', '巴彦淖尔', '巴彦淖尔', '', '18', '0');
INSERT INTO `jm_area` VALUES ('1811', '阿拉善盟', '阿拉善盟', '', '18', '0');
INSERT INTO `jm_area` VALUES ('1812', '兴安盟', '兴安盟', '', '18', '0');
INSERT INTO `jm_area` VALUES ('1901', '长春市', '长春', '', '19', '0');
INSERT INTO `jm_area` VALUES ('1902', '吉林市', '吉林', '', '19', '0');
INSERT INTO `jm_area` VALUES ('1903', '四平市', '四平', '', '19', '0');
INSERT INTO `jm_area` VALUES ('1904', '辽源市', '辽源', '', '19', '0');
INSERT INTO `jm_area` VALUES ('1905', '通化市', '通化', '', '19', '0');
INSERT INTO `jm_area` VALUES ('1906', '白山市', '白山', '', '19', '0');
INSERT INTO `jm_area` VALUES ('1907', '松原市', '松原', '', '19', '0');
INSERT INTO `jm_area` VALUES ('1908', '白城市', '白城', '', '19', '0');
INSERT INTO `jm_area` VALUES ('1909', '延边州', '延边', '', '19', '0');
INSERT INTO `jm_area` VALUES ('2001', '哈尔滨市', '哈尔滨', '', '20', '0');
INSERT INTO `jm_area` VALUES ('2002', '齐齐哈尔', '齐齐哈尔', '', '20', '0');
INSERT INTO `jm_area` VALUES ('2003', '鹤岗市', '鹤岗', '', '20', '0');
INSERT INTO `jm_area` VALUES ('2004', '双鸭山市', '双鸭山', '', '20', '0');
INSERT INTO `jm_area` VALUES ('2005', '鸡西市', '鸡西', '', '20', '0');
INSERT INTO `jm_area` VALUES ('2006', '大庆市', '大庆', '', '20', '0');
INSERT INTO `jm_area` VALUES ('2007', '伊春市', '伊春', '', '20', '0');
INSERT INTO `jm_area` VALUES ('2008', '牡丹江市', '牡丹江', '', '20', '0');
INSERT INTO `jm_area` VALUES ('2009', '佳木斯市', '佳木斯', '', '20', '0');
INSERT INTO `jm_area` VALUES ('2010', '七台河市', '七台河', '', '20', '0');
INSERT INTO `jm_area` VALUES ('2011', '黑河市', '黑河', '', '20', '0');
INSERT INTO `jm_area` VALUES ('2012', '绥化市', '绥化', '', '20', '0');
INSERT INTO `jm_area` VALUES ('2013', '大兴安岭', '大兴安岭', '', '20', '0');
INSERT INTO `jm_area` VALUES ('2101', '合肥市', '合肥', '', '21', '0');
INSERT INTO `jm_area` VALUES ('2102', '芜湖市', '芜湖', '', '21', '0');
INSERT INTO `jm_area` VALUES ('2103', '蚌埠市', '蚌埠', '', '21', '0');
INSERT INTO `jm_area` VALUES ('2104', '淮南市', '淮南', '', '21', '0');
INSERT INTO `jm_area` VALUES ('2105', '马鞍山市', '马鞍山', '', '21', '0');
INSERT INTO `jm_area` VALUES ('2106', '淮北市', '淮北', '', '21', '0');
INSERT INTO `jm_area` VALUES ('2107', '铜陵市', '铜陵', '', '21', '0');
INSERT INTO `jm_area` VALUES ('2108', '安庆市', '安庆', '', '21', '0');
INSERT INTO `jm_area` VALUES ('2109', '黄山市', '黄山', '', '21', '0');
INSERT INTO `jm_area` VALUES ('2110', '滁州市', '滁州', '', '21', '0');
INSERT INTO `jm_area` VALUES ('2111', '阜阳市', '阜阳', '', '21', '0');
INSERT INTO `jm_area` VALUES ('2112', '宿州市', '宿州', '', '21', '0');
INSERT INTO `jm_area` VALUES ('2113', '巢湖市', '巢湖', '', '21', '0');
INSERT INTO `jm_area` VALUES ('2114', '六安市', '六安', '', '21', '0');
INSERT INTO `jm_area` VALUES ('2115', '亳州市', '亳州', '', '21', '0');
INSERT INTO `jm_area` VALUES ('2116', '宣城市', '宣城', '', '21', '0');
INSERT INTO `jm_area` VALUES ('2117', '池州市', '池州', '', '21', '0');
INSERT INTO `jm_area` VALUES ('2201', '长沙市', '长沙', '', '22', '0');
INSERT INTO `jm_area` VALUES ('2202', '株州市', '株州', '', '22', '0');
INSERT INTO `jm_area` VALUES ('2203', '湘潭市', '湘潭', '', '22', '0');
INSERT INTO `jm_area` VALUES ('2204', '衡阳市', '衡阳', '', '22', '0');
INSERT INTO `jm_area` VALUES ('2205', '邵阳市', '邵阳', '', '22', '0');
INSERT INTO `jm_area` VALUES ('2206', '岳阳市', '岳阳', '', '22', '0');
INSERT INTO `jm_area` VALUES ('2207', '常德市', '常德', '', '22', '0');
INSERT INTO `jm_area` VALUES ('2208', '张家界市', '张家界', '', '22', '0');
INSERT INTO `jm_area` VALUES ('2209', '益阳市', '益阳', '', '22', '0');
INSERT INTO `jm_area` VALUES ('2210', '郴州市', '郴州', '', '22', '0');
INSERT INTO `jm_area` VALUES ('2211', '永州市', '永州', '', '22', '0');
INSERT INTO `jm_area` VALUES ('2212', '怀化市', '怀化', '', '22', '0');
INSERT INTO `jm_area` VALUES ('2213', '娄底市', '娄底', '', '22', '0');
INSERT INTO `jm_area` VALUES ('2214', '湘西州', '湘西', '', '22', '0');
INSERT INTO `jm_area` VALUES ('2301', '南宁市', '南宁', '', '23', '0');
INSERT INTO `jm_area` VALUES ('2302', '柳州市', '柳州', '', '23', '0');
INSERT INTO `jm_area` VALUES ('2303', '桂林市', '桂林', '', '23', '0');
INSERT INTO `jm_area` VALUES ('2304', '梧州市', '梧州', '', '23', '0');
INSERT INTO `jm_area` VALUES ('2305', '北海市', '北海', '', '23', '0');
INSERT INTO `jm_area` VALUES ('2306', '防城港市', '防城港', '', '23', '0');
INSERT INTO `jm_area` VALUES ('2307', '钦州市', '钦州', '', '23', '0');
INSERT INTO `jm_area` VALUES ('2308', '贵港市', '贵港', '', '23', '0');
INSERT INTO `jm_area` VALUES ('2309', '玉林市', '玉林', '', '23', '0');
INSERT INTO `jm_area` VALUES ('2310', '南宁地区', '南宁地区', '', '23', '0');
INSERT INTO `jm_area` VALUES ('2311', '柳州地区', '柳地区', '', '23', '0');
INSERT INTO `jm_area` VALUES ('2312', '贺州地区', '贺地区', '', '23', '0');
INSERT INTO `jm_area` VALUES ('2313', '百色地区', '百色地区', '', '23', '0');
INSERT INTO `jm_area` VALUES ('2314', '河池地区', '河池地区', '', '23', '0');
INSERT INTO `jm_area` VALUES ('2401', '海口市', '海口', '', '24', '0');
INSERT INTO `jm_area` VALUES ('2402', '三亚市', '三亚', '', '24', '0');
INSERT INTO `jm_area` VALUES ('2403', '五指山市', '五指山', '', '24', '0');
INSERT INTO `jm_area` VALUES ('2404', '琼海市', '琼海', '', '24', '0');
INSERT INTO `jm_area` VALUES ('2405', '儋州市', '儋州', '', '24', '0');
INSERT INTO `jm_area` VALUES ('2406', '琼山市', '琼山', '', '24', '0');
INSERT INTO `jm_area` VALUES ('2407', '文昌市', '文昌', '', '24', '0');
INSERT INTO `jm_area` VALUES ('2408', '万宁市', '万宁', '', '24', '0');
INSERT INTO `jm_area` VALUES ('2409', '东方市', '东方', '', '24', '0');
INSERT INTO `jm_area` VALUES ('2410', '澄迈县', '澄迈县', '', '24', '0');
INSERT INTO `jm_area` VALUES ('2411', '定安县', '定安县', '', '24', '0');
INSERT INTO `jm_area` VALUES ('2412', '屯昌县', '屯昌县', '', '24', '0');
INSERT INTO `jm_area` VALUES ('2413', '临高县', '临高县', '', '24', '0');
INSERT INTO `jm_area` VALUES ('2414', '白沙县', '白沙县', '', '24', '0');
INSERT INTO `jm_area` VALUES ('2415', '昌江县', '昌江县', '', '24', '0');
INSERT INTO `jm_area` VALUES ('2416', '乐东县', '乐东县', '', '24', '0');
INSERT INTO `jm_area` VALUES ('2417', '陵水县', '陵水县', '', '24', '0');
INSERT INTO `jm_area` VALUES ('2418', '保亭县', '保亭县', '', '24', '0');
INSERT INTO `jm_area` VALUES ('2419', '琼中县', '琼中县', '', '24', '0');
INSERT INTO `jm_area` VALUES ('2501', '昆明市', '昆明', '', '25', '0');
INSERT INTO `jm_area` VALUES ('2502', '曲靖市', '曲靖', '', '25', '0');
INSERT INTO `jm_area` VALUES ('2503', '玉溪市', '玉溪', '', '25', '0');
INSERT INTO `jm_area` VALUES ('2504', '保山市', '保山', '', '25', '0');
INSERT INTO `jm_area` VALUES ('2505', '昭通市', '昭通', '', '25', '0');
INSERT INTO `jm_area` VALUES ('2506', ' 普洱市', ' 普洱', '', '25', '0');
INSERT INTO `jm_area` VALUES ('2507', '临沧市', '临沧', '', '25', '0');
INSERT INTO `jm_area` VALUES ('2508', '丽江市', '丽江', '', '25', '0');
INSERT INTO `jm_area` VALUES ('2509', '文山州', '文山', '', '25', '0');
INSERT INTO `jm_area` VALUES ('2510', '红河州', '红河', '', '25', '0');
INSERT INTO `jm_area` VALUES ('2511', '西双版纳', '西双版纳', '', '25', '0');
INSERT INTO `jm_area` VALUES ('2512', '楚雄州', '楚雄', '', '25', '0');
INSERT INTO `jm_area` VALUES ('2513', '大理州', '大理', '', '25', '0');
INSERT INTO `jm_area` VALUES ('2514', '德宏州', '德宏', '', '25', '0');
INSERT INTO `jm_area` VALUES ('2515', '怒江州', '怒江', '', '25', '0');
INSERT INTO `jm_area` VALUES ('2516', '迪庆州', '迪庆', '', '25', '0');
INSERT INTO `jm_area` VALUES ('2601', '贵阳市', '贵阳', '', '26', '0');
INSERT INTO `jm_area` VALUES ('2602', '六盘水市', '六盘水', '', '26', '0');
INSERT INTO `jm_area` VALUES ('2603', '遵义市', '遵义', '', '26', '0');
INSERT INTO `jm_area` VALUES ('2604', '安顺市', '安顺', '', '26', '0');
INSERT INTO `jm_area` VALUES ('2605', '铜仁地区', '铜仁地区', '', '26', '0');
INSERT INTO `jm_area` VALUES ('2606', '毕节地区', '毕节地区', '', '26', '0');
INSERT INTO `jm_area` VALUES ('2607', '黔西南州', '黔西南', '', '26', '0');
INSERT INTO `jm_area` VALUES ('2608', '黔东南州', '黔东南', '', '26', '0');
INSERT INTO `jm_area` VALUES ('2609', '黔南州', '黔南', '', '26', '0');
INSERT INTO `jm_area` VALUES ('2701', '拉萨市', '拉萨', '', '27', '0');
INSERT INTO `jm_area` VALUES ('2702', '那曲地区', '那曲地区', '', '27', '0');
INSERT INTO `jm_area` VALUES ('2703', '昌都地区', '昌都地区', '', '27', '0');
INSERT INTO `jm_area` VALUES ('2704', '山南地区', '山南地区', '', '27', '0');
INSERT INTO `jm_area` VALUES ('2705', '日喀则', '日喀则', '', '27', '0');
INSERT INTO `jm_area` VALUES ('2706', '阿里地区', '阿里地区', '', '27', '0');
INSERT INTO `jm_area` VALUES ('2707', '林芝地区', '林芝地区', '', '27', '0');
INSERT INTO `jm_area` VALUES ('2801', '兰州市', '兰州', '', '28', '0');
INSERT INTO `jm_area` VALUES ('2802', '金昌市', '金昌', '', '28', '0');
INSERT INTO `jm_area` VALUES ('2803', '白银市', '白银', '', '28', '0');
INSERT INTO `jm_area` VALUES ('2804', '天水市', '天水', '', '28', '0');
INSERT INTO `jm_area` VALUES ('2805', '嘉峪关市', '嘉峪关', '', '28', '0');
INSERT INTO `jm_area` VALUES ('2806', '武威市', '武威', '', '28', '0');
INSERT INTO `jm_area` VALUES ('2807', '定西地区', '定西地区', '', '28', '0');
INSERT INTO `jm_area` VALUES ('2808', '平凉地区', '平凉地区', '', '28', '0');
INSERT INTO `jm_area` VALUES ('2809', '庆阳地区', '庆阳地区', '', '28', '0');
INSERT INTO `jm_area` VALUES ('2810', '陇南地区', '陇南地区', '', '28', '0');
INSERT INTO `jm_area` VALUES ('2811', '张掖地区', '张掖地区', '', '28', '0');
INSERT INTO `jm_area` VALUES ('2812', '酒泉地区', '酒泉地区', '', '28', '0');
INSERT INTO `jm_area` VALUES ('2813', '甘南州', '甘南', '', '28', '0');
INSERT INTO `jm_area` VALUES ('2814', '临夏州', '临夏', '', '28', '0');
INSERT INTO `jm_area` VALUES ('2901', '银川市', '银川', '', '29', '0');
INSERT INTO `jm_area` VALUES ('2902', '石嘴山市', '石嘴山', '', '29', '0');
INSERT INTO `jm_area` VALUES ('2903', '吴忠市', '吴忠', '', '29', '0');
INSERT INTO `jm_area` VALUES ('2904', '固原市', '固原', '', '29', '0');
INSERT INTO `jm_area` VALUES ('3001', '西宁市', '西宁', '', '30', '0');
INSERT INTO `jm_area` VALUES ('3002', '海东地区', '海东地区', '', '30', '0');
INSERT INTO `jm_area` VALUES ('3003', '海北州', '海北', '', '30', '0');
INSERT INTO `jm_area` VALUES ('3004', '黄南州', '黄南', '', '30', '0');
INSERT INTO `jm_area` VALUES ('3005', '海南州', '海南', '', '30', '0');
INSERT INTO `jm_area` VALUES ('3006', '果洛州', '果洛', '', '30', '0');
INSERT INTO `jm_area` VALUES ('3007', '玉树州', '玉树', '', '30', '0');
INSERT INTO `jm_area` VALUES ('3008', '海西州', '海西', '', '30', '0');
INSERT INTO `jm_area` VALUES ('3101', '乌鲁木齐', '乌鲁木齐', '', '31', '0');
INSERT INTO `jm_area` VALUES ('3102', '克拉玛依', '克拉玛依', '', '31', '0');
INSERT INTO `jm_area` VALUES ('3103', '石河子市', '石河子', '', '31', '0');
INSERT INTO `jm_area` VALUES ('3104', '吐鲁番', '吐鲁番', '', '31', '0');
INSERT INTO `jm_area` VALUES ('3105', '哈密地区', '哈密地区', '', '31', '0');
INSERT INTO `jm_area` VALUES ('3106', '和田地区', '和田地区', '', '31', '0');
INSERT INTO `jm_area` VALUES ('3107', '阿克苏', '阿克苏', '', '31', '0');
INSERT INTO `jm_area` VALUES ('3108', '喀什地区', '喀什地区', '', '31', '0');
INSERT INTO `jm_area` VALUES ('3109', '克孜勒苏', '克孜勒苏', '', '31', '0');
INSERT INTO `jm_area` VALUES ('3110', '巴音郭楞', '巴音郭楞', '', '31', '0');
INSERT INTO `jm_area` VALUES ('3111', '昌吉州', '昌吉', '', '31', '0');
INSERT INTO `jm_area` VALUES ('3112', '博尔塔拉', '博尔塔拉', '', '31', '0');
INSERT INTO `jm_area` VALUES ('3113', '伊犁州', '伊犁', '', '31', '0');
INSERT INTO `jm_area` VALUES ('3201', '香港岛', '香港岛', '', '32', '0');
INSERT INTO `jm_area` VALUES ('3202', '九龙', '九龙', '', '32', '0');
INSERT INTO `jm_area` VALUES ('3203', '新界', '新界', '', '32', '0');
INSERT INTO `jm_area` VALUES ('3301', '澳门半岛', '澳门半岛', '', '33', '0');
INSERT INTO `jm_area` VALUES ('3302', '离岛', '离岛', '', '33', '0');
INSERT INTO `jm_area` VALUES ('3401', '台北市', '台北', '', '34', '0');
INSERT INTO `jm_area` VALUES ('3402', '高雄市', '高雄', '', '34', '0');
INSERT INTO `jm_area` VALUES ('3403', '台南市', '台南', '', '34', '0');
INSERT INTO `jm_area` VALUES ('3404', '台中市', '台中', '', '34', '0');
INSERT INTO `jm_area` VALUES ('3405', '金门县', '金门县', '', '34', '0');
INSERT INTO `jm_area` VALUES ('3406', '南投县', '南投县', '', '34', '0');
INSERT INTO `jm_area` VALUES ('3407', '基隆市', '基隆', '', '34', '0');
INSERT INTO `jm_area` VALUES ('3408', '新竹市', '新竹', '', '34', '0');
INSERT INTO `jm_area` VALUES ('3409', '嘉义市', '嘉义', '', '34', '0');
INSERT INTO `jm_area` VALUES ('3410', '新北市', '新北', '', '34', '0');
INSERT INTO `jm_area` VALUES ('3411', '宜兰县', '宜兰县', '', '34', '0');
INSERT INTO `jm_area` VALUES ('3412', '新竹县', '新竹县', '', '34', '0');
INSERT INTO `jm_area` VALUES ('3413', '桃园县', '桃园县', '', '34', '0');
INSERT INTO `jm_area` VALUES ('3414', '苗栗县', '苗栗县', '', '34', '0');
INSERT INTO `jm_area` VALUES ('3415', '彰化县', '彰化县', '', '34', '0');
INSERT INTO `jm_area` VALUES ('3416', '嘉义县', '嘉义县', '', '34', '0');
INSERT INTO `jm_area` VALUES ('3417', '云林县', '云林县', '', '34', '0');
INSERT INTO `jm_area` VALUES ('3418', '屏东县', '屏东县', '', '34', '0');
INSERT INTO `jm_area` VALUES ('3419', '台东县', '台东县', '', '34', '0');
INSERT INTO `jm_area` VALUES ('3420', '花莲县', '花莲县', '', '34', '0');
INSERT INTO `jm_area` VALUES ('3421', '澎湖县', '澎湖县', '', '34', '0');
INSERT INTO `jm_area` VALUES ('6001', '美国', '美国', '', '60', '0');
INSERT INTO `jm_area` VALUES ('6002', '英国', '英国', '', '60', '0');
INSERT INTO `jm_area` VALUES ('6003', '法国', '法国', '', '60', '0');
INSERT INTO `jm_area` VALUES ('6004', '俄罗斯', '俄罗斯', '', '60', '0');
INSERT INTO `jm_area` VALUES ('6005', '加拿大', '加拿大', '', '60', '0');
INSERT INTO `jm_area` VALUES ('6006', '巴西', '巴西', '', '60', '0');
INSERT INTO `jm_area` VALUES ('6007', '澳大利亚', '澳大利亚', '', '60', '0');
INSERT INTO `jm_area` VALUES ('6008', '印尼', '印尼', '', '60', '0');
INSERT INTO `jm_area` VALUES ('6009', '马来西亚', '马来西亚', '', '60', '0');
INSERT INTO `jm_area` VALUES ('6010', '新加坡', '新加坡', '', '60', '0');
INSERT INTO `jm_area` VALUES ('6011', '菲律宾', '菲律宾', '', '60', '0');
INSERT INTO `jm_area` VALUES ('6012', '越南', '越南', '', '60', '0');
INSERT INTO `jm_area` VALUES ('6013', '印度', '印度', '', '60', '0');
INSERT INTO `jm_area` VALUES ('6014', '日本', '日本', '', '60', '0');
INSERT INTO `jm_area` VALUES ('6015', '韩国', '韩国', '', '60', '0');
INSERT INTO `jm_area` VALUES ('6016', '泰国', '泰国', '', '60', '0');
INSERT INTO `jm_area` VALUES ('6017', '缅甸', '缅甸', '', '60', '0');
INSERT INTO `jm_area` VALUES ('6018', '其他', '其他', '', '60', '0');

-- ----------------------------
-- Table structure for jm_article
-- ----------------------------
DROP TABLE IF EXISTS `jm_article`;
CREATE TABLE `jm_article` (
  `id` int(10) unsigned NOT NULL AUTO_INCREMENT,
  `title` varchar(60) NOT NULL DEFAULT '' COMMENT '标题',
  `shorttitle` varchar(30) NOT NULL DEFAULT '' COMMENT '副标题',
  `color` char(10) NOT NULL DEFAULT '' COMMENT '标题颜色',
  `copyfrom` varchar(30) NOT NULL DEFAULT '',
  `author` varchar(30) NOT NULL DEFAULT '',
  `keywords` varchar(50) DEFAULT '' COMMENT '关键字',
  `litpic` varchar(150) NOT NULL DEFAULT '' COMMENT '缩略图',
  `content` text COMMENT '内容',
  `description` varchar(255) NOT NULL DEFAULT '' COMMENT '摘要描述',
  `publishtime` int(10) unsigned NOT NULL DEFAULT '0' COMMENT '发布时间',
  `updatetime` int(10) unsigned NOT NULL DEFAULT '0' COMMENT '更新时间',
  `click` smallint(6) unsigned NOT NULL DEFAULT '0' COMMENT '点击数',
  `cid` int(10) unsigned NOT NULL COMMENT '分类ID',
  `commentflag` tinyint(1) NOT NULL DEFAULT '1' COMMENT '允许评论',
  `flag` tinyint(3) unsigned NOT NULL DEFAULT '0' COMMENT '属性',
  `jumpurl` varchar(200) NOT NULL DEFAULT '',
  `status` tinyint(1) unsigned NOT NULL DEFAULT '0' COMMENT '1回收站',
  `userid` int(10) unsigned NOT NULL DEFAULT '0',
  `aid` int(10) unsigned NOT NULL DEFAULT '0' COMMENT 'admin',
  PRIMARY KEY (`id`),
  KEY `cid` (`cid`)
) ENGINE=MyISAM AUTO_INCREMENT=3 DEFAULT CHARSET=utf8;

-- ----------------------------
-- Records of jm_article
-- ----------------------------
INSERT INTO `jm_article` VALUES ('1', '九木1周年庆活动正式开启', '', '#000', '', '张伟林', '', '', '<p>九木<span style=\"color: rgb(51, 51, 51); font-family: simsun; font-size: 20px; line-height: 30px;\">10周年庆活动正式开启，现场，来到华冠大酒店开幕式，到场人员达到99%，由卢总和邱总的致词下正式开启。期间气氛高涨，群情激扬。下达任务后，各主力人员立马严阵以</span></p>', '九木10周年庆活动正式开启，现场，来到华冠大酒店开幕式，到场人员达到99%，由卢总和邱总的致词下正式开启。期间气氛高涨，群情激扬。下达任务后，各主力人员立马严阵以', '1428919571', '1428919678', '97', '2', '1', '6', '', '0', '0', '1');
INSERT INTO `jm_article` VALUES ('2', '装修像购物一样简单', '', '#000', '', '', '', '', '<p><span style=\"color: rgb(51, 51, 51); font-family: 宋体; font-size: 20px; line-height: 18px; background-color: rgb(255, 255, 255);\">&nbsp; 您还在为没时间装修新房；担心装修公司工程超预算；为没时间跑装修市场买主材而苦恼吗？……来九木装饰！让您家《装修像购物一样简单》活动经已全面启动！九木装饰携手中国一线品牌建材商，首推一站式装修全包活动，帮您全盘搞定，直接拎包入住！！承诺预算=结算。</span></p>', '&nbsp; 您还在为没时间装修新房；担心装修公司工程超预算；为没时间跑装修市场买主材而苦恼吗？……来九木装饰！让您家《装修像购物一样简单》活动经已全面启动！九木装饰携手中国一线品牌建材商，首推一站式装修全包活动，帮您全盘搞定，直接拎包入住', '1428919732', '1428919784', '30', '2', '1', '0', '', '0', '0', '1');

-- ----------------------------
-- Table structure for jm_attachment
-- ----------------------------
DROP TABLE IF EXISTS `jm_attachment`;
CREATE TABLE `jm_attachment` (
  `id` int(10) unsigned NOT NULL AUTO_INCREMENT,
  `title` varchar(60) NOT NULL DEFAULT '' COMMENT '原文件名',
  `filepath` varchar(200) NOT NULL DEFAULT '',
  `filetype` smallint(6) NOT NULL DEFAULT '1',
  `filesize` mediumint(8) unsigned NOT NULL DEFAULT '0',
  `haslitpic` tinyint(1) NOT NULL DEFAULT '1',
  `uploadtime` int(10) unsigned NOT NULL DEFAULT '0',
  `aid` int(10) unsigned NOT NULL DEFAULT '0',
  `userid` int(10) unsigned NOT NULL DEFAULT '0',
  PRIMARY KEY (`id`)
) ENGINE=MyISAM AUTO_INCREMENT=7 DEFAULT CHARSET=utf8;

-- ----------------------------
-- Records of jm_attachment
-- ----------------------------
INSERT INTO `jm_attachment` VALUES ('1', 'QQ图片20150413181439.jpg', 'img1/20150413/552b972e7458b.jpg', '1', '100962', '1', '1428920110', '1', '0');
INSERT INTO `jm_attachment` VALUES ('2', 'QQ图片20150413181321.jpg', 'img1/20150413/552b973219c2c.jpg', '1', '87150', '1', '1428920114', '1', '0');
INSERT INTO `jm_attachment` VALUES ('3', 'QQ图片20150413181421.jpg', 'img1/20150413/552b9736ae381.jpg', '1', '97016', '1', '1428920118', '1', '0');
INSERT INTO `jm_attachment` VALUES ('4', 'QQ图片20150413181425.jpg', 'img1/20150413/552b97397a0f3.jpg', '1', '113836', '1', '1428920121', '1', '0');
INSERT INTO `jm_attachment` VALUES ('5', 'QQ图片20150413181439.jpg', 'img1/20150413/552b973c75a2a.jpg', '1', '100962', '1', '1428920124', '1', '0');
INSERT INTO `jm_attachment` VALUES ('6', 'QQ图片20150413181434.jpg', 'img1/20150413/552b97414d037.jpg', '1', '132217', '1', '1428920129', '1', '0');

-- ----------------------------
-- Table structure for jm_attachmentindex
-- ----------------------------
DROP TABLE IF EXISTS `jm_attachmentindex`;
CREATE TABLE `jm_attachmentindex` (
  `attid` int(10) unsigned NOT NULL DEFAULT '0',
  `arcid` int(10) unsigned NOT NULL DEFAULT '0',
  `modelid` int(10) unsigned NOT NULL DEFAULT '0',
  `desc` varchar(20) NOT NULL DEFAULT '',
  KEY `attid` (`attid`),
  KEY `arcid` (`arcid`),
  KEY `modelid` (`modelid`)
) ENGINE=MyISAM DEFAULT CHARSET=utf8;

-- ----------------------------
-- Records of jm_attachmentindex
-- ----------------------------
INSERT INTO `jm_attachmentindex` VALUES ('1', '1', '4', '');
INSERT INTO `jm_attachmentindex` VALUES ('2', '1', '4', '');
INSERT INTO `jm_attachmentindex` VALUES ('3', '1', '4', '');
INSERT INTO `jm_attachmentindex` VALUES ('4', '1', '4', '');
INSERT INTO `jm_attachmentindex` VALUES ('5', '1', '4', '');
INSERT INTO `jm_attachmentindex` VALUES ('6', '1', '4', '');

-- ----------------------------
-- Table structure for jm_block
-- ----------------------------
DROP TABLE IF EXISTS `jm_block`;
CREATE TABLE `jm_block` (
  `id` int(10) unsigned NOT NULL AUTO_INCREMENT,
  `name` varchar(50) NOT NULL DEFAULT '' COMMENT '名称',
  `remark` varchar(200) NOT NULL DEFAULT '' COMMENT '说明',
  `content` text COMMENT '内容',
  `blocktype` int(10) unsigned NOT NULL DEFAULT '0' COMMENT '类型',
  PRIMARY KEY (`id`)
) ENGINE=MyISAM AUTO_INCREMENT=2 DEFAULT CHARSET=utf8;

-- ----------------------------
-- Records of jm_block
-- ----------------------------
INSERT INTO `jm_block` VALUES ('1', 'Introduction', '', '<p>网络科技有限公司成立于2007年。是一家集科研、生产、开发、销售为一体的互联网产业高新技术企业。 我公司在全国与多个大型门户网站保持密切技术合作与往来；并且与全国多所高校合作，开发与研究互联网深度产品，取得了不错的研究成果，获得良好的好评</p>', '3');

-- ----------------------------
-- Table structure for jm_category
-- ----------------------------
DROP TABLE IF EXISTS `jm_category`;
CREATE TABLE `jm_category` (
  `id` int(10) unsigned NOT NULL AUTO_INCREMENT,
  `name` varchar(30) NOT NULL DEFAULT '' COMMENT '栏目分类名称',
  `ename` varchar(200) NOT NULL DEFAULT '' COMMENT '别名',
  `catpic` varchar(150) NOT NULL DEFAULT '',
  `pid` int(10) unsigned NOT NULL DEFAULT '0' COMMENT '上级分类',
  `modelid` int(10) unsigned NOT NULL DEFAULT '0' COMMENT '所属模型',
  `type` tinyint(4) NOT NULL DEFAULT '0' COMMENT '类别',
  `seotitle` varchar(50) NOT NULL DEFAULT '',
  `keywords` varchar(50) DEFAULT '' COMMENT '关键字',
  `description` varchar(255) DEFAULT '' COMMENT '关键字',
  `template_category` varchar(60) NOT NULL DEFAULT '',
  `template_list` varchar(60) NOT NULL DEFAULT '',
  `template_show` varchar(60) NOT NULL DEFAULT '',
  `content` text COMMENT '内容',
  `status` tinyint(1) unsigned NOT NULL DEFAULT '0' COMMENT '显示',
  `sort` smallint(6) NOT NULL DEFAULT '100' COMMENT '排序',
  PRIMARY KEY (`id`),
  KEY `pid` (`pid`)
) ENGINE=MyISAM AUTO_INCREMENT=7 DEFAULT CHARSET=utf8 COMMENT='栏目分类表';

-- ----------------------------
-- Records of jm_category
-- ----------------------------
INSERT INTO `jm_category` VALUES ('1', '品牌九木', 'ppjm', '', '0', '2', '0', '', '', '&nbsp; 九木装饰以“做今日名企，创世界品牌”为企业目标，以装饰产业链为主线，立足在中高端家居装饰设计与施工、材料和家具及配饰供应；房地产楼盘精装修工程、中小型办公及商业空间设计与施工；全国性特许经营品牌发展、行业专业研究分析等多个方向', '', 'List_page.html', 'Show_article.html', '<p><span style=\"color: rgb(0, 0, 0); font-family: 微软雅黑; font-size: 12px; line-height: 22px;\">&nbsp; 九木装饰以“做今日名企，创世界品牌”为企业目标，以装饰产业链为主线，立足在中高端家居装饰设计与施工、材料和家具及配饰供应；房地产楼盘精装修工程、中小型办公及商业空间设计与施工；全国性特许经营品牌发展、行业专业研究分析等多个方向，形成齐发并举的战略体系和格局。</span></p>', '1', '1');
INSERT INTO `jm_category` VALUES ('2', '新闻动态', 'news', '', '0', '1', '0', '', '', '', '', 'List_article.html', 'Show_article.html', null, '1', '1');
INSERT INTO `jm_category` VALUES ('3', '案例欣赏', 'alxs', '', '0', '4', '0', '', '', '', '', 'List_picture.html', 'Show_picture.html', null, '1', '1');
INSERT INTO `jm_category` VALUES ('4', '九木团队', 'jiumutuandui', '', '0', '1', '0', '', '', '', '', 'List_page.html', '', null, '1', '1');
INSERT INTO `jm_category` VALUES ('5', '工程服务', 'gongchengfuwu', '', '0', '1', '0', '', '', '', '', 'List_page.html', '', null, '1', '1');
INSERT INTO `jm_category` VALUES ('6', '活动营销', 'huodongyingxiao', '', '0', '1', '0', '', '', '', '', 'List_page.html', '', null, '1', '1');

-- ----------------------------
-- Table structure for jm_category_access
-- ----------------------------
DROP TABLE IF EXISTS `jm_category_access`;
CREATE TABLE `jm_category_access` (
  `catid` smallint(5) unsigned NOT NULL DEFAULT '0',
  `roleid` smallint(5) unsigned NOT NULL DEFAULT '0',
  `flag` tinyint(1) unsigned NOT NULL DEFAULT '0',
  `action` varchar(30) NOT NULL DEFAULT '',
  KEY `catid` (`catid`),
  KEY `roleid` (`roleid`),
  KEY `flag` (`flag`)
) ENGINE=MyISAM DEFAULT CHARSET=utf8;

-- ----------------------------
-- Records of jm_category_access
-- ----------------------------

-- ----------------------------
-- Table structure for jm_comment
-- ----------------------------
DROP TABLE IF EXISTS `jm_comment`;
CREATE TABLE `jm_comment` (
  `id` int(10) unsigned NOT NULL AUTO_INCREMENT,
  `postid` int(10) unsigned NOT NULL DEFAULT '0',
  `modelid` int(10) unsigned NOT NULL DEFAULT '0',
  `title` varchar(100) NOT NULL DEFAULT '',
  `username` varchar(30) NOT NULL DEFAULT '',
  `email` varchar(100) NOT NULL DEFAULT '',
  `ip` varchar(20) NOT NULL DEFAULT '',
  `agent` varchar(255) NOT NULL DEFAULT '',
  `posttime` int(10) unsigned NOT NULL DEFAULT '0',
  `content` text NOT NULL,
  `status` tinyint(1) NOT NULL DEFAULT '0',
  `pid` int(10) unsigned NOT NULL DEFAULT '0',
  `userid` int(10) unsigned NOT NULL DEFAULT '0',
  PRIMARY KEY (`id`),
  KEY `postid` (`postid`),
  KEY `modelid` (`modelid`),
  KEY `pid` (`pid`)
) ENGINE=MyISAM DEFAULT CHARSET=utf8;

-- ----------------------------
-- Records of jm_comment
-- ----------------------------

-- ----------------------------
-- Table structure for jm_config
-- ----------------------------
DROP TABLE IF EXISTS `jm_config`;
CREATE TABLE `jm_config` (
  `id` int(10) unsigned NOT NULL AUTO_INCREMENT,
  `name` varchar(30) NOT NULL DEFAULT '' COMMENT '标识',
  `title` varchar(50) NOT NULL DEFAULT '' COMMENT '名称',
  `remark` varchar(100) NOT NULL DEFAULT '' COMMENT '说明',
  `tvalue` varchar(150) NOT NULL DEFAULT '' COMMENT '参数类型',
  `typeid` smallint(5) unsigned NOT NULL DEFAULT '0' COMMENT '类型',
  `groupid` smallint(5) unsigned NOT NULL DEFAULT '0' COMMENT '分组',
  `value` text,
  `sort` smallint(3) unsigned NOT NULL DEFAULT '0',
  PRIMARY KEY (`id`),
  UNIQUE KEY `name` (`name`),
  KEY `typeid` (`typeid`),
  KEY `groupid` (`groupid`)
) ENGINE=MyISAM AUTO_INCREMENT=41 DEFAULT CHARSET=utf8;

-- ----------------------------
-- Records of jm_config
-- ----------------------------
INSERT INTO `jm_config` VALUES ('1', 'CFG_WEBNAME', '网站名称', '', '', '2', '1', '九木装饰', '0');
INSERT INTO `jm_config` VALUES ('2', 'CFG_WEBURL', '网站域名', '', '', '2', '1', 'http://127.0.0.1:82/jiumu', '0');
INSERT INTO `jm_config` VALUES ('3', 'CFG_WEBTITLE', '网站标题', '站点首页title(SEO)的设置', '', '2', '1', '九木装饰', '0');
INSERT INTO `jm_config` VALUES ('4', 'CFG_KEYWORDS', '站点关键词', '', '', '2', '1', '九木装饰', '0');
INSERT INTO `jm_config` VALUES ('5', 'CFG_DESCRIPTION', '站点描述', '', '', '3', '1', '九木装饰', '0');
INSERT INTO `jm_config` VALUES ('6', 'CFG_THEMESTYLE', '模板风格', '', 'select', '2', '1', 'default', '0');
INSERT INTO `jm_config` VALUES ('7', 'CFG_COOKIE_ENCODE', 'cookie加密码', '', '', '2', '1', 'KC3BNKEgD', '0');
INSERT INTO `jm_config` VALUES ('8', 'CFG_POWERBY', '网站版权信息', '', '', '3', '1', 'Copyright © 2014-2014 XYHCMS. 行云海软件 版权所有', '0');
INSERT INTO `jm_config` VALUES ('9', 'CFG_STATS', '网站统计', '', '', '3', '1', '', '0');
INSERT INTO `jm_config` VALUES ('10', 'CFG_BEIAN', '网站备案号', '', '', '2', '1', '', '0');
INSERT INTO `jm_config` VALUES ('11', 'CFG_ADDRESS', '联系地址', '', '', '2', '1', '九木裝飾', '0');
INSERT INTO `jm_config` VALUES ('12', 'CFG_PHONE', '联系电话', '', '', '2', '1', '0871-66666', '0');
INSERT INTO `jm_config` VALUES ('13', 'CFG_WEBSITE_CLOSE', '关闭网站', '', '', '4', '2', '0', '0');
INSERT INTO `jm_config` VALUES ('14', 'CFG_WEBSITE_CLOSE_INFO', '关站提示', '', '', '3', '2', '站点维护中，请稍等一会...', '0');
INSERT INTO `jm_config` VALUES ('15', 'CFG_MOBILE_AUTO', '手机版开启', '', '', '4', '2', '1', '1');
INSERT INTO `jm_config` VALUES ('16', 'CFG_EMAIL_FROM', '发件邮箱地址', '', '', '2', '3', 'ddend@qq.com', '0');
INSERT INTO `jm_config` VALUES ('17', 'CFG_EMAIL_FROM_NAME', '发件人名称', '', '', '2', '3', '站名', '0');
INSERT INTO `jm_config` VALUES ('18', 'CFG_EMAIL_HOST', 'STMP服务器', '', '', '2', '3', 'smtp.exmail.qq.com', '0');
INSERT INTO `jm_config` VALUES ('19', 'CFG_EMAIL_PORT', '服务器端口', '', '', '1', '3', '25', '0');
INSERT INTO `jm_config` VALUES ('20', 'CFG_EMAIL_LOGINNAME', '邮箱帐号', '', '', '2', '3', 'ddend@qq.com', '0');
INSERT INTO `jm_config` VALUES ('21', 'CFG_EMAIL_PASSWORD', '邮箱密码', '', '', '2', '3', '123zstQhz4', '0');
INSERT INTO `jm_config` VALUES ('22', 'CFG_BADWORD', '禁用词语', '', '', '3', '2', '艾滋病|中国共产党|111111111', '0');
INSERT INTO `jm_config` VALUES ('23', 'CFG_FEEDBACK_GUEST', '允许匿名评论', '', '', '4', '2', '1', '0');
INSERT INTO `jm_config` VALUES ('24', 'CFG_MEMBER_OPEN', '开启会员功能', '', '', '4', '5', '1', '0');
INSERT INTO `jm_config` VALUES ('25', 'CFG_MEMBER_VERIFYEMAIL', ' 开启邮件验证', '', '', '4', '5', '0', '0');
INSERT INTO `jm_config` VALUES ('26', 'CFG_MEMBER_NOTALLOW', '禁止使用的昵称', '', '', '3', '5', 'www,bbs,ftp,mail,user,users,admin,administrator,xyhcms', '0');
INSERT INTO `jm_config` VALUES ('27', 'CFG_UPLOAD_MAXSIZE', '允许上传大小', 'KB', '', '1', '4', '2048', '0');
INSERT INTO `jm_config` VALUES ('28', 'CFG_IMGTHUMB_SIZE', '缩略图组尺寸', '', '', '2', '4', '300X300', '0');
INSERT INTO `jm_config` VALUES ('29', 'CFG_IMGTHUMB_TYPE', '缩略图生成方式', '固定大小截取 ,原图等比例缩略', 'radio\r\n0|原图等比例缩略\r\n1|固定大小截取', '4', '4', '0', '0');
INSERT INTO `jm_config` VALUES ('30', 'CFG_IMGTHUMB_WIDTH', '固宽缩略图组长度', '固定宽度等比缩略,如60,50', '', '2', '4', '600', '0');
INSERT INTO `jm_config` VALUES ('31', 'CFG_UPLOAD_ROOTPATH', '上传根目录', '', '', '2', '4', './uploads/', '0');
INSERT INTO `jm_config` VALUES ('32', 'CFG_UPLOAD_FILE_EXT', '允许附件类型', '', '', '3', '4', 'jpg,gif,png,jpeg,txt,doc,docx,xls,ppt,zip,rar,mp3', '0');
INSERT INTO `jm_config` VALUES ('33', 'CFG_UPLOAD_IMG_EXT', '允许图片类型', '带缩略图的图片', '', '2', '4', 'jpg,gif,png,jpeg', '0');
INSERT INTO `jm_config` VALUES ('34', 'CFG_VERIFY_REGISTER', '开启注册验证码', '', '', '4', '2', '0', '0');
INSERT INTO `jm_config` VALUES ('35', 'CFG_VERIFY_LOGIN', '开启登录验证码', '', '', '4', '2', '0', '0');
INSERT INTO `jm_config` VALUES ('36', 'CFG_VERIFY_GUESTBOOK', '开启留言板验证码', '', '', '4', '2', '1', '0');
INSERT INTO `jm_config` VALUES ('37', 'CFG_VERIFY_REVIEW', '开启评论验证码', '', '', '4', '2', '1', '0');
INSERT INTO `jm_config` VALUES ('38', 'CFG_SQL_FILESIZE', 'sql文件大小', '备份数据库，值不可太大，否则会导致内存溢出备份、恢复失败，合理大小在512K~10M间，建议3M一卷。单位字节,5M=5*1024*1024=5242880', '', '1', '6', '5242880', '0');
INSERT INTO `jm_config` VALUES ('39', 'CFG_DOWNLOAD_HIDE', '隐藏下载地址', '', '', '4', '4', '0', '0');
INSERT INTO `jm_config` VALUES ('40', 'CFG_MOBILE_THEMESTYLE', '手机模板风格', '', 'select', '2', '2', 'default', '1');

-- ----------------------------
-- Table structure for jm_copyfrom
-- ----------------------------
DROP TABLE IF EXISTS `jm_copyfrom`;
CREATE TABLE `jm_copyfrom` (
  `id` int(10) unsigned NOT NULL AUTO_INCREMENT,
  `sitename` varchar(30) NOT NULL DEFAULT '',
  `siteurl` varchar(200) NOT NULL DEFAULT '',
  `sort` int(10) unsigned NOT NULL DEFAULT '0',
  PRIMARY KEY (`id`)
) ENGINE=MyISAM DEFAULT CHARSET=utf8;

-- ----------------------------
-- Records of jm_copyfrom
-- ----------------------------

-- ----------------------------
-- Table structure for jm_guestbook
-- ----------------------------
DROP TABLE IF EXISTS `jm_guestbook`;
CREATE TABLE `jm_guestbook` (
  `id` int(10) unsigned NOT NULL AUTO_INCREMENT,
  `username` varchar(30) NOT NULL DEFAULT '',
  `tel` varchar(50) NOT NULL DEFAULT '',
  `email` varchar(50) NOT NULL DEFAULT '',
  `homepage` varchar(50) NOT NULL DEFAULT '',
  `qq` varchar(15) NOT NULL DEFAULT '',
  `ip` varchar(20) NOT NULL DEFAULT '',
  `posttime` int(10) unsigned NOT NULL DEFAULT '0',
  `replytime` int(10) unsigned NOT NULL DEFAULT '0',
  `status` tinyint(1) NOT NULL DEFAULT '0',
  `content` text,
  `reply` text,
  `userid` int(10) unsigned NOT NULL DEFAULT '0',
  PRIMARY KEY (`id`)
) ENGINE=MyISAM DEFAULT CHARSET=utf8;

-- ----------------------------
-- Records of jm_guestbook
-- ----------------------------

-- ----------------------------
-- Table structure for jm_itemgroup
-- ----------------------------
DROP TABLE IF EXISTS `jm_itemgroup`;
CREATE TABLE `jm_itemgroup` (
  `id` int(10) unsigned NOT NULL AUTO_INCREMENT,
  `name` varchar(20) NOT NULL,
  `remark` varchar(20) DEFAULT '',
  `status` tinyint(1) unsigned DEFAULT NULL,
  PRIMARY KEY (`id`)
) ENGINE=MyISAM AUTO_INCREMENT=10 DEFAULT CHARSET=utf8;

-- ----------------------------
-- Records of jm_itemgroup
-- ----------------------------
INSERT INTO `jm_itemgroup` VALUES ('1', 'flagtype', '文档属性', '0');
INSERT INTO `jm_itemgroup` VALUES ('2', 'blocktype', '自由块类别', '0');
INSERT INTO `jm_itemgroup` VALUES ('3', 'softtype', '软件类型', '0');
INSERT INTO `jm_itemgroup` VALUES ('4', 'softlanguage', '软件语言', '0');
INSERT INTO `jm_itemgroup` VALUES ('5', 'star', '星座', '0');
INSERT INTO `jm_itemgroup` VALUES ('6', 'animal', '生肖', '0');
INSERT INTO `jm_itemgroup` VALUES ('7', 'education', '教育程度', '0');
INSERT INTO `jm_itemgroup` VALUES ('8', 'configgroup', '配置分组', '0');
INSERT INTO `jm_itemgroup` VALUES ('9', 'configtype', '配置变量类型', '0');

-- ----------------------------
-- Table structure for jm_iteminfo
-- ----------------------------
DROP TABLE IF EXISTS `jm_iteminfo`;
CREATE TABLE `jm_iteminfo` (
  `id` int(10) unsigned NOT NULL AUTO_INCREMENT,
  `name` varchar(20) NOT NULL,
  `group` varchar(20) NOT NULL,
  `value` int(11) NOT NULL DEFAULT '0',
  `pid` int(10) unsigned NOT NULL DEFAULT '0',
  `sort` smallint(6) NOT NULL DEFAULT '0' COMMENT '排序',
  PRIMARY KEY (`id`)
) ENGINE=MyISAM AUTO_INCREMENT=56 DEFAULT CHARSET=utf8;

-- ----------------------------
-- Records of jm_iteminfo
-- ----------------------------
INSERT INTO `jm_iteminfo` VALUES ('1', '图片', 'flagtype', '1', '0', '0');
INSERT INTO `jm_iteminfo` VALUES ('2', '头条', 'flagtype', '2', '0', '0');
INSERT INTO `jm_iteminfo` VALUES ('3', '推荐', 'flagtype', '4', '0', '0');
INSERT INTO `jm_iteminfo` VALUES ('4', '特荐', 'flagtype', '8', '0', '0');
INSERT INTO `jm_iteminfo` VALUES ('5', '幻灯', 'flagtype', '16', '0', '0');
INSERT INTO `jm_iteminfo` VALUES ('6', '跳转', 'flagtype', '32', '0', '0');
INSERT INTO `jm_iteminfo` VALUES ('7', '其他', 'flagtype', '64', '0', '0');
INSERT INTO `jm_iteminfo` VALUES ('8', '文字', 'blocktype', '1', '0', '0');
INSERT INTO `jm_iteminfo` VALUES ('9', '图片', 'blocktype', '2', '0', '0');
INSERT INTO `jm_iteminfo` VALUES ('10', '丰富', 'blocktype', '3', '0', '0');
INSERT INTO `jm_iteminfo` VALUES ('11', '国产', 'softtype', '1', '0', '0');
INSERT INTO `jm_iteminfo` VALUES ('12', '中文版', 'softlanguage', '1', '0', '0');
INSERT INTO `jm_iteminfo` VALUES ('13', '英文版', 'softlanguage', '2', '0', '0');
INSERT INTO `jm_iteminfo` VALUES ('14', '多语言版', 'softlanguage', '3', '0', '0');
INSERT INTO `jm_iteminfo` VALUES ('15', '白羊座', 'star', '1', '0', '0');
INSERT INTO `jm_iteminfo` VALUES ('16', '金牛座', 'star', '2', '0', '0');
INSERT INTO `jm_iteminfo` VALUES ('17', '双子座', 'star', '3', '0', '0');
INSERT INTO `jm_iteminfo` VALUES ('18', '巨蟹座', 'star', '4', '0', '0');
INSERT INTO `jm_iteminfo` VALUES ('19', '狮子座', 'star', '5', '0', '0');
INSERT INTO `jm_iteminfo` VALUES ('20', '处女座', 'star', '6', '0', '0');
INSERT INTO `jm_iteminfo` VALUES ('21', '天枰座', 'star', '7', '0', '0');
INSERT INTO `jm_iteminfo` VALUES ('22', '天蝎座', 'star', '8', '0', '0');
INSERT INTO `jm_iteminfo` VALUES ('23', '射手座', 'star', '9', '0', '0');
INSERT INTO `jm_iteminfo` VALUES ('24', '摩羯座', 'star', '10', '0', '0');
INSERT INTO `jm_iteminfo` VALUES ('25', '水瓶座', 'star', '11', '0', '0');
INSERT INTO `jm_iteminfo` VALUES ('26', '双鱼座', 'star', '12', '0', '0');
INSERT INTO `jm_iteminfo` VALUES ('27', '鼠', 'animal', '1', '0', '0');
INSERT INTO `jm_iteminfo` VALUES ('28', '牛', 'animal', '2', '0', '0');
INSERT INTO `jm_iteminfo` VALUES ('29', '虎', 'animal', '3', '0', '0');
INSERT INTO `jm_iteminfo` VALUES ('30', '兔', 'animal', '4', '0', '0');
INSERT INTO `jm_iteminfo` VALUES ('31', '龙', 'animal', '5', '0', '0');
INSERT INTO `jm_iteminfo` VALUES ('32', '蛇', 'animal', '6', '0', '0');
INSERT INTO `jm_iteminfo` VALUES ('33', '马', 'animal', '7', '0', '0');
INSERT INTO `jm_iteminfo` VALUES ('34', '羊', 'animal', '8', '0', '0');
INSERT INTO `jm_iteminfo` VALUES ('35', '猴', 'animal', '9', '0', '0');
INSERT INTO `jm_iteminfo` VALUES ('36', '鸡', 'animal', '10', '0', '0');
INSERT INTO `jm_iteminfo` VALUES ('37', '狗', 'animal', '11', '0', '0');
INSERT INTO `jm_iteminfo` VALUES ('38', '猪', 'animal', '12', '0', '0');
INSERT INTO `jm_iteminfo` VALUES ('39', '小学', 'education', '1', '0', '0');
INSERT INTO `jm_iteminfo` VALUES ('40', '初中', 'education', '2', '0', '0');
INSERT INTO `jm_iteminfo` VALUES ('41', '高中/中专', 'education', '3', '0', '0');
INSERT INTO `jm_iteminfo` VALUES ('42', '大学专科', 'education', '4', '0', '0');
INSERT INTO `jm_iteminfo` VALUES ('43', '大学本科', 'education', '5', '0', '0');
INSERT INTO `jm_iteminfo` VALUES ('44', '硕士', 'education', '6', '0', '0');
INSERT INTO `jm_iteminfo` VALUES ('45', '博士以上', 'education', '7', '0', '0');
INSERT INTO `jm_iteminfo` VALUES ('46', '站点配置', 'configgroup', '1', '0', '0');
INSERT INTO `jm_iteminfo` VALUES ('47', '核心配置', 'configgroup', '2', '0', '0');
INSERT INTO `jm_iteminfo` VALUES ('48', '邮箱配置', 'configgroup', '3', '0', '0');
INSERT INTO `jm_iteminfo` VALUES ('49', '上传配置', 'configgroup', '4', '0', '0');
INSERT INTO `jm_iteminfo` VALUES ('50', '会员配置', 'configgroup', '5', '0', '0');
INSERT INTO `jm_iteminfo` VALUES ('51', '其他配置', 'configgroup', '6', '0', '0');
INSERT INTO `jm_iteminfo` VALUES ('52', '数字', 'configtype', '1', '0', '0');
INSERT INTO `jm_iteminfo` VALUES ('53', '字符', 'configtype', '2', '0', '0');
INSERT INTO `jm_iteminfo` VALUES ('54', '文本', 'configtype', '3', '0', '0');
INSERT INTO `jm_iteminfo` VALUES ('55', '布尔(真假)', 'configtype', '4', '0', '0');

-- ----------------------------
-- Table structure for jm_link
-- ----------------------------
DROP TABLE IF EXISTS `jm_link`;
CREATE TABLE `jm_link` (
  `id` int(10) unsigned NOT NULL AUTO_INCREMENT,
  `name` varchar(50) NOT NULL DEFAULT '',
  `url` varchar(255) NOT NULL DEFAULT '',
  `logo` varchar(255) NOT NULL DEFAULT '',
  `description` varchar(255) NOT NULL DEFAULT '' COMMENT '描述',
  `ischeck` tinyint(1) NOT NULL DEFAULT '1' COMMENT '首页|内页',
  `posttime` int(10) unsigned NOT NULL,
  `sort` smallint(5) NOT NULL DEFAULT '0',
  PRIMARY KEY (`id`)
) ENGINE=MyISAM AUTO_INCREMENT=4 DEFAULT CHARSET=utf8;

-- ----------------------------
-- Records of jm_link
-- ----------------------------
INSERT INTO `jm_link` VALUES ('1', '行云海CMS', 'http://www.xyhcms.com', '', '', '0', '1396255203', '1');
INSERT INTO `jm_link` VALUES ('2', '行云海软件', 'http://www.0871k.com', '', '', '0', '1396255203', '1');
INSERT INTO `jm_link` VALUES ('3', '许愿网', 'http://www.yuanabc.com', '', '', '0', '1396255203', '1');

-- ----------------------------
-- Table structure for jm_member
-- ----------------------------
DROP TABLE IF EXISTS `jm_member`;
CREATE TABLE `jm_member` (
  `id` int(10) unsigned NOT NULL AUTO_INCREMENT,
  `email` varchar(50) NOT NULL,
  `password` char(32) NOT NULL,
  `encrypt` varchar(6) NOT NULL DEFAULT '',
  `nickname` varchar(20) DEFAULT '',
  `amount` decimal(8,2) unsigned NOT NULL DEFAULT '0.00' COMMENT '总金额',
  `score` int(10) unsigned NOT NULL DEFAULT '0' COMMENT '积分',
  `face` varchar(60) NOT NULL DEFAULT '' COMMENT '头像',
  `regtime` int(10) unsigned NOT NULL DEFAULT '0',
  `logintime` int(10) unsigned DEFAULT '0',
  `loginip` varchar(20) DEFAULT '',
  `loginnum` mediumint(8) unsigned DEFAULT '0',
  `groupid` smallint(6) unsigned DEFAULT '0',
  `message` tinyint(1) DEFAULT '0',
  `status` tinyint(1) NOT NULL DEFAULT '0',
  `islock` tinyint(1) DEFAULT '0',
  PRIMARY KEY (`id`)
) ENGINE=MyISAM DEFAULT CHARSET=utf8;

-- ----------------------------
-- Records of jm_member
-- ----------------------------

-- ----------------------------
-- Table structure for jm_memberdetail
-- ----------------------------
DROP TABLE IF EXISTS `jm_memberdetail`;
CREATE TABLE `jm_memberdetail` (
  `userid` int(10) unsigned NOT NULL DEFAULT '0',
  `sex` tinyint(1) unsigned NOT NULL DEFAULT '0',
  `realname` varchar(30) NOT NULL DEFAULT '',
  `birthday` date NOT NULL DEFAULT '1980-01-01',
  `province` int(10) unsigned NOT NULL DEFAULT '0',
  `area` int(10) unsigned NOT NULL DEFAULT '0',
  `address` varchar(50) NOT NULL DEFAULT '',
  `qq` varchar(12) NOT NULL DEFAULT '',
  `tel` varchar(15) NOT NULL DEFAULT '',
  `mobile` varchar(15) NOT NULL DEFAULT '',
  `animal` int(10) unsigned NOT NULL DEFAULT '0',
  `star` int(10) unsigned NOT NULL DEFAULT '0',
  `blood` int(10) unsigned NOT NULL DEFAULT '0',
  `marital` int(10) unsigned NOT NULL DEFAULT '0',
  `education` int(10) unsigned NOT NULL DEFAULT '0',
  `vocation` int(10) unsigned NOT NULL DEFAULT '0',
  `income` int(10) unsigned NOT NULL DEFAULT '0',
  `maxim` varchar(100) NOT NULL DEFAULT '',
  `updatetime` int(10) unsigned NOT NULL DEFAULT '0',
  PRIMARY KEY (`userid`)
) ENGINE=MyISAM DEFAULT CHARSET=utf8;

-- ----------------------------
-- Records of jm_memberdetail
-- ----------------------------

-- ----------------------------
-- Table structure for jm_membergroup
-- ----------------------------
DROP TABLE IF EXISTS `jm_membergroup`;
CREATE TABLE `jm_membergroup` (
  `id` smallint(6) unsigned NOT NULL AUTO_INCREMENT,
  `name` varchar(20) NOT NULL DEFAULT '',
  `description` varchar(255) DEFAULT '',
  `rank` smallint(6) NOT NULL DEFAULT '0',
  `status` tinyint(1) DEFAULT '0',
  `sort` tinyint(3) unsigned DEFAULT '0',
  PRIMARY KEY (`id`)
) ENGINE=MyISAM AUTO_INCREMENT=4 DEFAULT CHARSET=utf8;

-- ----------------------------
-- Records of jm_membergroup
-- ----------------------------
INSERT INTO `jm_membergroup` VALUES ('1', '游客', '', '0', '0', '0');
INSERT INTO `jm_membergroup` VALUES ('2', '注册会员', '', '10', '0', '0');
INSERT INTO `jm_membergroup` VALUES ('3', '中级会员', '', '30', '0', '0');

-- ----------------------------
-- Table structure for jm_menu
-- ----------------------------
DROP TABLE IF EXISTS `jm_menu`;
CREATE TABLE `jm_menu` (
  `id` int(10) unsigned NOT NULL AUTO_INCREMENT,
  `name` varchar(30) NOT NULL DEFAULT '',
  `pid` int(10) unsigned NOT NULL DEFAULT '0',
  `module` varchar(20) NOT NULL DEFAULT '',
  `action` varchar(20) DEFAULT '',
  `parameter` varchar(100) DEFAULT '',
  `quick` tinyint(1) unsigned NOT NULL DEFAULT '0',
  `status` tinyint(1) unsigned NOT NULL DEFAULT '0' COMMENT '显示',
  `sort` smallint(6) NOT NULL DEFAULT '100',
  PRIMARY KEY (`id`),
  KEY `pid` (`pid`)
) ENGINE=MyISAM AUTO_INCREMENT=47 DEFAULT CHARSET=utf8;

-- ----------------------------
-- Records of jm_menu
-- ----------------------------
INSERT INTO `jm_menu` VALUES ('1', '常规管理', '0', '', '', '', '0', '1', '1');
INSERT INTO `jm_menu` VALUES ('2', '模块管理', '0', '', '', '', '0', '1', '2');
INSERT INTO `jm_menu` VALUES ('3', '系统设置', '0', '', '', '', '0', '1', '3');
INSERT INTO `jm_menu` VALUES ('4', '扩展管理', '0', '', '', '', '0', '1', '4');
INSERT INTO `jm_menu` VALUES ('5', '栏目管理', '1', '', '', '', '0', '1', '11');
INSERT INTO `jm_menu` VALUES ('6', '内容管理', '1', '', '', '', '0', '1', '12');
INSERT INTO `jm_menu` VALUES ('7', '快捷面板', '1', '', '', '', '0', '1', '13');
INSERT INTO `jm_menu` VALUES ('8', '栏目管理', '5', 'Category', 'index', '', '0', '1', '111');
INSERT INTO `jm_menu` VALUES ('9', '内置模块', '2', '', '', '', '0', '1', '21');
INSERT INTO `jm_menu` VALUES ('10', '自由块管理', '9', 'Block', 'index', '', '0', '1', '211');
INSERT INTO `jm_menu` VALUES ('11', '广告管理', '9', 'Abc', 'index', '', '1', '1', '212');
INSERT INTO `jm_menu` VALUES ('12', '专题管理', '9', 'Special', 'index', '', '0', '1', '213');
INSERT INTO `jm_menu` VALUES ('13', '公告管理', '9', 'Announce', 'index', '', '1', '1', '214');
INSERT INTO `jm_menu` VALUES ('14', '友情链接', '9', 'Link', 'index', '', '1', '1', '215');
INSERT INTO `jm_menu` VALUES ('15', '留言本管理', '9', 'Guestbook', 'index', '', '1', '1', '216');
INSERT INTO `jm_menu` VALUES ('16', '评论管理', '9', 'Comment', 'index', '', '1', '1', '217');
INSERT INTO `jm_menu` VALUES ('17', '系统设置', '3', '', '', '', '0', '1', '31');
INSERT INTO `jm_menu` VALUES ('18', '会员管理', '3', '', '', '', '0', '1', '33');
INSERT INTO `jm_menu` VALUES ('19', '管理员管理', '3', '', '', '', '0', '1', '34');
INSERT INTO `jm_menu` VALUES ('20', '网站设置', '17', 'System', 'site', '', '0', '1', '311');
INSERT INTO `jm_menu` VALUES ('21', '伪静态|缓存设置', '17', 'System', 'url', '', '0', '1', '312');
INSERT INTO `jm_menu` VALUES ('22', '清除系统缓存', '17', 'System', 'clearCache', '', '1', '1', '316');
INSERT INTO `jm_menu` VALUES ('23', '在线客服设置', '17', 'System', 'online', '', '0', '1', '313');
INSERT INTO `jm_menu` VALUES ('24', '静态缓存', '3', '', '', '', '0', '1', '32');
INSERT INTO `jm_menu` VALUES ('25', '一键更新全站', '24', 'ClearHtml', 'all', '', '0', '1', '321');
INSERT INTO `jm_menu` VALUES ('26', '更新首页', '24', 'ClearHtml', 'home', '', '0', '1', '322');
INSERT INTO `jm_menu` VALUES ('27', '更新栏目', '24', 'ClearHtml', 'lists', '', '0', '1', '323');
INSERT INTO `jm_menu` VALUES ('28', '更新文档', '24', 'ClearHtml', 'shows', '', '0', '1', '324');
INSERT INTO `jm_menu` VALUES ('29', '更新专题', '24', 'ClearHtml', 'special', '', '0', '1', '325');
INSERT INTO `jm_menu` VALUES ('30', '会员管理', '18', 'Member', 'index', '', '0', '1', '331');
INSERT INTO `jm_menu` VALUES ('31', '会员组管理', '18', 'Membergroup', 'index', '', '0', '1', '332');
INSERT INTO `jm_menu` VALUES ('32', '系统用户管理', '19', 'Rbac', 'index', '', '0', '1', '341');
INSERT INTO `jm_menu` VALUES ('33', '用户组设置', '19', 'Rbac', 'role', '', '0', '1', '342');
INSERT INTO `jm_menu` VALUES ('34', '节点列表', '19', 'Rbac', 'node', '', '0', '1', '343');
INSERT INTO `jm_menu` VALUES ('35', '扩展管理', '4', '', '', '', '0', '1', '41');
INSERT INTO `jm_menu` VALUES ('36', '我的账户', '4', '', '', '', '0', '1', '42');
INSERT INTO `jm_menu` VALUES ('37', '模型管理', '35', 'Model', 'index', '', '0', '1', '411');
INSERT INTO `jm_menu` VALUES ('38', '菜单管理', '35', 'Menu', 'index', '', '0', '1', '412');
INSERT INTO `jm_menu` VALUES ('39', '数据库管理', '35', 'Database', 'index', '', '0', '1', '413');
INSERT INTO `jm_menu` VALUES ('40', '联动管理', '35', 'Itemgroup', 'index', '', '0', '1', '414');
INSERT INTO `jm_menu` VALUES ('41', '区域管理', '35', 'Area', 'index', '', '0', '1', '415');
INSERT INTO `jm_menu` VALUES ('42', '修改我的信息', '36', 'Personal', 'index', '', '0', '1', '421');
INSERT INTO `jm_menu` VALUES ('43', '修改密码', '36', 'Personal', 'pwd', '', '0', '1', '422');
INSERT INTO `jm_menu` VALUES ('44', '其他模块', '2', '', '', '', '0', '1', '22');
INSERT INTO `jm_menu` VALUES ('45', '已传文件管理', '35', 'Attachment', 'index', '', '0', '1', '416');
INSERT INTO `jm_menu` VALUES ('46', '数据元管理', '35', 'Meta', 'index', '', '0', '1', '416');

-- ----------------------------
-- Table structure for jm_meta
-- ----------------------------
DROP TABLE IF EXISTS `jm_meta`;
CREATE TABLE `jm_meta` (
  `id` int(10) unsigned NOT NULL AUTO_INCREMENT,
  `groupid` smallint(5) unsigned NOT NULL DEFAULT '0',
  `name` varchar(30) NOT NULL DEFAULT '' COMMENT 'key',
  `value` text,
  PRIMARY KEY (`id`),
  UNIQUE KEY `name` (`name`),
  KEY `groupid` (`groupid`)
) ENGINE=MyISAM AUTO_INCREMENT=28 DEFAULT CHARSET=utf8;

-- ----------------------------
-- Records of jm_meta
-- ----------------------------
INSERT INTO `jm_meta` VALUES ('1', '1', 'HOME_URL_MODEL', '2');
INSERT INTO `jm_meta` VALUES ('2', '1', 'HOME_URL_PATHINFO_DEPR', '/');
INSERT INTO `jm_meta` VALUES ('3', '1', 'HOME_URL_ROUTER_ON', '0');
INSERT INTO `jm_meta` VALUES ('4', '1', 'HOME_URL_ROUTE_RULES', 'Mobile$=>Mobile/Index/index\r\nSpecial/:id\\d=>Special/shows\r\n:e/p/:p\\d=>List/index\r\n:e/:id\\d=>Show/index\r\n/^(\\w+)$/=>List/index?e=:1');
INSERT INTO `jm_meta` VALUES ('5', '1', 'HOME_HTML_CACHE_ON', '0');
INSERT INTO `jm_meta` VALUES ('6', '1', 'MOBILE_HTML_CACHE_ON', '0');
INSERT INTO `jm_meta` VALUES ('7', '1', 'HTML_CACHE_INDEX_ON', '1');
INSERT INTO `jm_meta` VALUES ('8', '1', 'HTML_CACHE_INDEX_TIME', '1200');
INSERT INTO `jm_meta` VALUES ('9', '1', 'HTML_CACHE_LIST_ON', '1');
INSERT INTO `jm_meta` VALUES ('10', '1', 'HTML_CACHE_LIST_TIME', '0');
INSERT INTO `jm_meta` VALUES ('11', '1', 'HTML_CACHE_SHOW_ON', '1');
INSERT INTO `jm_meta` VALUES ('12', '1', 'HTML_CACHE_SHOW_TIME', '0');
INSERT INTO `jm_meta` VALUES ('15', '9', 'ONLINE_CFG_MODE', '1');
INSERT INTO `jm_meta` VALUES ('13', '1', 'HTML_CACHE_SPECIAL_ON', '0');
INSERT INTO `jm_meta` VALUES ('14', '1', 'HTML_CACHE_SPECIAL_TIME', '0');
INSERT INTO `jm_meta` VALUES ('16', '9', 'ONLINE_CFG_STYLE', 'blue');
INSERT INTO `jm_meta` VALUES ('17', '9', 'ONLINE_CFG_H', '1');
INSERT INTO `jm_meta` VALUES ('18', '9', 'ONLINE_CFG_H_MARGIN', '0');
INSERT INTO `jm_meta` VALUES ('19', '9', 'ONLINE_CFG_V', '2');
INSERT INTO `jm_meta` VALUES ('20', '9', 'ONLINE_CFG_V_MARGIN', '0');
INSERT INTO `jm_meta` VALUES ('21', '9', 'ONLINE_CFG_QQ', '307299635$$$点击咨询\r\n307299635$$$点击留言');
INSERT INTO `jm_meta` VALUES ('22', '9', 'ONLINE_CFG_WANGWANG', '7bucn$$$在线旺旺...');
INSERT INTO `jm_meta` VALUES ('23', '9', 'ONLINE_CFG_PHONE_ON', '1');
INSERT INTO `jm_meta` VALUES ('24', '9', 'ONLINE_CFG_PHONE', '0871665441');
INSERT INTO `jm_meta` VALUES ('25', '9', 'ONLINE_CFG_GUESTBOOK_ON', '1');
INSERT INTO `jm_meta` VALUES ('26', '9', 'ONLINE_CFG_QQ_PARAM', '<a target=\'_blank\' href=\"http://wpa.qq.com/msgrd?v=3&uin=[客服号]&site=qq&menu=yes\"><img border=\"0\" src=\"http://wpa.qq.com/pa?p=2:[客服号]:51\" alt=\"[客服说明]\" title=\"[客服说明]\"/></a>');
INSERT INTO `jm_meta` VALUES ('27', '9', 'ONLINE_CFG_WANGWANG_PARAM', '<a target=\"_blank\" href=\"http://www.taobao.com/webww/ww.php?ver=3&touid=[客服号]&siteid=cntaobao&status=1&charset=utf-8\" ><img border=\"0\" src=\"http://amos.alicdn.com/online.aw?v=2&uid=[客服号]&site=cntaobao&s=10&charset=UTF-8\" alt=\"[客服说明]\" /></a>');

-- ----------------------------
-- Table structure for jm_model
-- ----------------------------
DROP TABLE IF EXISTS `jm_model`;
CREATE TABLE `jm_model` (
  `id` int(10) unsigned NOT NULL AUTO_INCREMENT,
  `name` varchar(30) NOT NULL DEFAULT '',
  `description` varchar(255) NOT NULL DEFAULT '',
  `tablename` varchar(30) NOT NULL DEFAULT '',
  `status` tinyint(1) unsigned NOT NULL DEFAULT '0',
  `template_category` varchar(60) NOT NULL DEFAULT '',
  `template_list` varchar(60) NOT NULL DEFAULT '',
  `template_show` varchar(60) NOT NULL DEFAULT '',
  `sort` int(10) unsigned NOT NULL DEFAULT '0',
  PRIMARY KEY (`id`)
) ENGINE=MyISAM AUTO_INCREMENT=6 DEFAULT CHARSET=utf8;

-- ----------------------------
-- Records of jm_model
-- ----------------------------
INSERT INTO `jm_model` VALUES ('1', '文章模型', '', 'article', '1', '', 'List_article.html', 'Show_article.html', '1');
INSERT INTO `jm_model` VALUES ('2', '单页模型', '', 'page', '1', '', 'List_page.html', 'Show_page.html', '2');
INSERT INTO `jm_model` VALUES ('3', '产品模型', '', 'product', '1', '', 'List_product.html', 'Show_product.html', '3');
INSERT INTO `jm_model` VALUES ('4', '图片模型', '', 'picture', '1', '', 'List_picture.html', 'Show_picture.html', '4');
INSERT INTO `jm_model` VALUES ('5', '软件下载模型', '', 'soft', '1', '', 'List_soft.html', 'Show_soft.html', '5');

-- ----------------------------
-- Table structure for jm_node
-- ----------------------------
DROP TABLE IF EXISTS `jm_node`;
CREATE TABLE `jm_node` (
  `id` smallint(6) unsigned NOT NULL AUTO_INCREMENT,
  `name` varchar(20) NOT NULL,
  `title` varchar(50) DEFAULT NULL,
  `status` tinyint(1) DEFAULT '0',
  `remark` varchar(255) DEFAULT NULL,
  `sort` smallint(6) unsigned DEFAULT NULL,
  `pid` smallint(6) unsigned NOT NULL,
  `level` tinyint(1) unsigned NOT NULL,
  PRIMARY KEY (`id`),
  KEY `level` (`level`),
  KEY `pid` (`pid`),
  KEY `status` (`status`),
  KEY `name` (`name`)
) ENGINE=MyISAM AUTO_INCREMENT=128 DEFAULT CHARSET=utf8;

-- ----------------------------
-- Records of jm_node
-- ----------------------------
INSERT INTO `jm_node` VALUES ('1', 'Manage', '后台应用', '1', null, '1', '0', '1');
INSERT INTO `jm_node` VALUES ('2', 'Rbac', '用户权限管理', '1', null, '1', '1', '2');
INSERT INTO `jm_node` VALUES ('3', 'index', '用户列表', '1', null, '1', '2', '3');
INSERT INTO `jm_node` VALUES ('4', 'addUser', '添加用户', '1', null, '2', '2', '3');
INSERT INTO `jm_node` VALUES ('5', 'editUser', '编辑用户', '1', null, '3', '2', '3');
INSERT INTO `jm_node` VALUES ('6', 'delUser', '删除用户', '1', null, '4', '2', '3');
INSERT INTO `jm_node` VALUES ('7', 'Index', '前台应用', '1', null, '2', '0', '1');
INSERT INTO `jm_node` VALUES ('8', 'role', '用户组列表', '1', null, '5', '2', '3');
INSERT INTO `jm_node` VALUES ('9', 'addRole', '添加用户组', '1', null, '6', '2', '3');
INSERT INTO `jm_node` VALUES ('10', 'editRole', '编辑用户组', '1', null, '7', '2', '3');
INSERT INTO `jm_node` VALUES ('11', 'delRole', '删除用户组', '1', null, '8', '2', '3');
INSERT INTO `jm_node` VALUES ('12', 'access', '权限管理', '1', null, '9', '2', '3');
INSERT INTO `jm_node` VALUES ('13', 'node', '节点列表', '0', null, '10', '2', '3');
INSERT INTO `jm_node` VALUES ('14', 'addNode', '添加节点', '0', null, '11', '2', '3');
INSERT INTO `jm_node` VALUES ('15', 'editNode', '编辑节点', '0', null, '12', '2', '3');
INSERT INTO `jm_node` VALUES ('16', 'delNode', '删除节点', '0', null, '13', '2', '3');
INSERT INTO `jm_node` VALUES ('17', 'System', '系统设置', '1', null, '2', '1', '2');
INSERT INTO `jm_node` VALUES ('18', 'site', '网站设置', '1', null, '1', '17', '3');
INSERT INTO `jm_node` VALUES ('19', 'Model', '模型管理', '1', null, '3', '1', '2');
INSERT INTO `jm_node` VALUES ('20', 'index', '模型列表', '1', null, '1', '19', '3');
INSERT INTO `jm_node` VALUES ('21', 'add', '添加模型', '1', null, '2', '19', '3');
INSERT INTO `jm_node` VALUES ('22', 'edit', '模型修改', '1', null, '3', '19', '3');
INSERT INTO `jm_node` VALUES ('23', 'del', '删除模型', '1', null, '4', '19', '3');
INSERT INTO `jm_node` VALUES ('24', 'sort', '更新排序', '1', null, '5', '19', '3');
INSERT INTO `jm_node` VALUES ('25', 'Category', '栏目管理', '1', null, '4', '1', '2');
INSERT INTO `jm_node` VALUES ('26', 'index', '栏目列表', '1', null, '1', '25', '3');
INSERT INTO `jm_node` VALUES ('27', 'add', '添加栏目', '1', null, '2', '25', '3');
INSERT INTO `jm_node` VALUES ('28', 'edit', '修改栏目', '1', null, '3', '25', '3');
INSERT INTO `jm_node` VALUES ('29', 'del', '删除栏目', '1', null, '4', '25', '3');
INSERT INTO `jm_node` VALUES ('30', 'sort', '更新栏目排序', '1', null, '5', '25', '3');
INSERT INTO `jm_node` VALUES ('31', 'Member', '会员管理', '1', null, '5', '1', '2');
INSERT INTO `jm_node` VALUES ('32', 'index', '会员列表', '1', null, '1', '31', '3');
INSERT INTO `jm_node` VALUES ('33', 'add', '添加会员', '1', null, '2', '31', '3');
INSERT INTO `jm_node` VALUES ('34', 'edit', '编辑会员', '1', null, '3', '31', '3');
INSERT INTO `jm_node` VALUES ('35', 'del', '删除会员', '1', null, '4', '31', '3');
INSERT INTO `jm_node` VALUES ('36', 'Membergroup', '会员组管理', '1', null, '6', '1', '2');
INSERT INTO `jm_node` VALUES ('37', 'index', '会员组列表', '1', null, '1', '36', '3');
INSERT INTO `jm_node` VALUES ('38', 'add', '添加会员组', '1', null, '2', '36', '3');
INSERT INTO `jm_node` VALUES ('39', 'edit', '编辑会员组', '1', null, '3', '36', '3');
INSERT INTO `jm_node` VALUES ('40', 'del', '删除会员组', '1', null, '4', '36', '3');
INSERT INTO `jm_node` VALUES ('41', 'Announce', '公告管理', '1', null, '7', '1', '2');
INSERT INTO `jm_node` VALUES ('42', 'index', '公告列表', '1', null, '1', '41', '3');
INSERT INTO `jm_node` VALUES ('43', 'add', '添加公告', '1', null, '2', '41', '3');
INSERT INTO `jm_node` VALUES ('44', 'edit', '编辑公告', '1', null, '3', '41', '3');
INSERT INTO `jm_node` VALUES ('45', 'del', '删除公告', '1', null, '4', '41', '3');
INSERT INTO `jm_node` VALUES ('46', 'Link', '友情链接', '1', null, '8', '1', '2');
INSERT INTO `jm_node` VALUES ('47', 'index', '友情列表', '1', null, '1', '46', '3');
INSERT INTO `jm_node` VALUES ('48', 'add', '添加友情', '1', null, '2', '46', '3');
INSERT INTO `jm_node` VALUES ('49', 'edit', '编辑友情', '1', null, '3', '46', '3');
INSERT INTO `jm_node` VALUES ('50', 'del', '删除友情', '1', null, '4', '46', '3');
INSERT INTO `jm_node` VALUES ('51', 'Guestbook', '留言本管理', '1', null, '9', '1', '2');
INSERT INTO `jm_node` VALUES ('52', 'index', '留言本列表', '1', null, '1', '51', '3');
INSERT INTO `jm_node` VALUES ('53', 'reply', '回复留言', '1', null, '2', '51', '3');
INSERT INTO `jm_node` VALUES ('54', 'del', '删除留言', '1', null, '3', '51', '3');
INSERT INTO `jm_node` VALUES ('55', 'clearCache', '清除缓存', '1', null, '2', '17', '3');
INSERT INTO `jm_node` VALUES ('56', 'Personal', '我的账户', '1', null, '10', '1', '2');
INSERT INTO `jm_node` VALUES ('57', 'index', '修改资料', '1', null, '1', '56', '3');
INSERT INTO `jm_node` VALUES ('58', 'pwd', '修改密码', '1', null, '2', '56', '3');
INSERT INTO `jm_node` VALUES ('59', 'Comment', '评论管理', '1', null, '10', '1', '2');
INSERT INTO `jm_node` VALUES ('60', 'index', '评论列表', '1', null, '1', '59', '3');
INSERT INTO `jm_node` VALUES ('61', 'edit', '编辑评论', '1', null, '2', '59', '3');
INSERT INTO `jm_node` VALUES ('62', 'del', '删除评论', '1', null, '3', '59', '3');
INSERT INTO `jm_node` VALUES ('63', 'Area', '区域管理', '1', null, '12', '1', '2');
INSERT INTO `jm_node` VALUES ('64', 'index', '区域列表', '1', null, '1', '63', '3');
INSERT INTO `jm_node` VALUES ('65', 'add', '添加区域', '1', null, '2', '63', '3');
INSERT INTO `jm_node` VALUES ('66', 'edit', '编辑区域', '1', null, '3', '63', '3');
INSERT INTO `jm_node` VALUES ('67', 'del', '删除区域', '1', null, '4', '63', '3');
INSERT INTO `jm_node` VALUES ('68', 'Itemgroup', '联动组管理', '1', null, '13', '1', '2');
INSERT INTO `jm_node` VALUES ('69', 'index', '联动组列表', '1', null, '1', '68', '3');
INSERT INTO `jm_node` VALUES ('70', 'add', '添加联动组', '1', null, '2', '68', '3');
INSERT INTO `jm_node` VALUES ('71', 'edit', '编辑联动组', '1', null, '3', '68', '3');
INSERT INTO `jm_node` VALUES ('72', 'del', '删除联动组', '1', null, '4', '68', '3');
INSERT INTO `jm_node` VALUES ('73', 'Iteminfo', '联动管理', '1', null, '14', '1', '2');
INSERT INTO `jm_node` VALUES ('74', 'index', '联动列表', '1', null, '1', '73', '3');
INSERT INTO `jm_node` VALUES ('75', 'add', '添加联动', '1', null, '2', '73', '3');
INSERT INTO `jm_node` VALUES ('76', 'edit', '编辑联动', '1', null, '3', '73', '3');
INSERT INTO `jm_node` VALUES ('77', 'del', '删除联动', '1', null, '4', '73', '3');
INSERT INTO `jm_node` VALUES ('78', 'sort', '更新排序', '1', null, '5', '73', '3');
INSERT INTO `jm_node` VALUES ('79', 'Special', '专题管理', '1', null, '15', '1', '2');
INSERT INTO `jm_node` VALUES ('80', 'index', '专题列表', '1', null, '1', '79', '3');
INSERT INTO `jm_node` VALUES ('81', 'add', '添加专题', '1', null, '2', '79', '3');
INSERT INTO `jm_node` VALUES ('82', 'edit', '编辑专题', '1', null, '3', '79', '3');
INSERT INTO `jm_node` VALUES ('83', 'del', '删除专题', '1', null, '4', '79', '3');
INSERT INTO `jm_node` VALUES ('84', 'trach', '回收站', '1', null, '5', '79', '3');
INSERT INTO `jm_node` VALUES ('85', 'restore', '还原专题', '1', null, '6', '79', '3');
INSERT INTO `jm_node` VALUES ('86', 'clear', '彻底删除', '1', null, '7', '79', '3');
INSERT INTO `jm_node` VALUES ('87', 'Block', '自由块管理', '1', null, '16', '1', '2');
INSERT INTO `jm_node` VALUES ('88', 'index', '自由块列表', '1', null, '1', '87', '3');
INSERT INTO `jm_node` VALUES ('89', 'add', '添加自由块', '1', null, '2', '87', '3');
INSERT INTO `jm_node` VALUES ('90', 'edit', '编辑自由块', '1', null, '3', '87', '3');
INSERT INTO `jm_node` VALUES ('91', 'del', '删除自由块', '1', null, '4', '87', '3');
INSERT INTO `jm_node` VALUES ('92', 'Database', '数据库管理', '1', null, '17', '1', '2');
INSERT INTO `jm_node` VALUES ('93', 'index', '数据表列表', '1', null, '1', '92', '3');
INSERT INTO `jm_node` VALUES ('94', 'backup', '数据库备份', '1', null, '2', '92', '3');
INSERT INTO `jm_node` VALUES ('95', 'optimize', '数据表优化', '1', null, '3', '92', '3');
INSERT INTO `jm_node` VALUES ('96', 'repair', '数据表修复', '1', null, '4', '92', '3');
INSERT INTO `jm_node` VALUES ('97', 'restore', '还原管理', '1', null, '5', '92', '3');
INSERT INTO `jm_node` VALUES ('98', 'restoreData', '数据恢复', '1', null, '6', '92', '3');
INSERT INTO `jm_node` VALUES ('99', 'delSqlFiles', '删除文件', '1', null, '7', '92', '3');
INSERT INTO `jm_node` VALUES ('100', 'url', '伪静态缓存设置', '1', null, '3', '17', '3');
INSERT INTO `jm_node` VALUES ('101', 'ClearHtml', '静态缓存管理', '1', null, '18', '1', '2');
INSERT INTO `jm_node` VALUES ('102', 'all', '一键更新全站', '1', null, '1', '101', '3');
INSERT INTO `jm_node` VALUES ('103', 'home', '更新首页', '1', null, '2', '101', '3');
INSERT INTO `jm_node` VALUES ('104', 'lists', '更新栏目', '1', null, '3', '101', '3');
INSERT INTO `jm_node` VALUES ('105', 'shows', '更新文档', '1', null, '4', '101', '3');
INSERT INTO `jm_node` VALUES ('106', 'special', '更新专题', '1', null, '5', '101', '3');
INSERT INTO `jm_node` VALUES ('107', 'Menu', '菜单管理', '1', null, '19', '1', '2');
INSERT INTO `jm_node` VALUES ('108', 'index', '菜单列表', '1', null, '1', '107', '3');
INSERT INTO `jm_node` VALUES ('109', 'add', '添加菜单', '1', null, '2', '107', '3');
INSERT INTO `jm_node` VALUES ('110', 'edit', '修改菜单', '1', null, '3', '107', '3');
INSERT INTO `jm_node` VALUES ('111', 'sort', '排序更新', '1', null, '4', '107', '3');
INSERT INTO `jm_node` VALUES ('112', 'qk', '快捷更新', '1', null, '5', '107', '3');
INSERT INTO `jm_node` VALUES ('113', 'del', '删除菜单', '1', null, '6', '107', '3');
INSERT INTO `jm_node` VALUES ('114', 'Attachment', '已上传文件管理', '1', null, '20', '1', '2');
INSERT INTO `jm_node` VALUES ('115', 'index', '文件列表', '1', null, '1', '114', '3');
INSERT INTO `jm_node` VALUES ('116', 'del', '删除文件', '1', null, '4', '114', '3');
INSERT INTO `jm_node` VALUES ('117', 'Abc', '广告管理', '1', null, '21', '1', '2');
INSERT INTO `jm_node` VALUES ('118', 'index', '广告位列表', '1', null, '1', '117', '3');
INSERT INTO `jm_node` VALUES ('119', 'add', '添加广告位', '1', null, '2', '117', '3');
INSERT INTO `jm_node` VALUES ('120', 'edit', '修改广告位', '1', null, '3', '117', '3');
INSERT INTO `jm_node` VALUES ('121', 'del', '删除广告位', '1', null, '4', '117', '3');
INSERT INTO `jm_node` VALUES ('122', 'detail', '广告列表', '1', null, '5', '117', '3');
INSERT INTO `jm_node` VALUES ('123', 'addDetail', '添加广告', '1', null, '6', '117', '3');
INSERT INTO `jm_node` VALUES ('124', 'editDetail', '修改广告', '1', null, '7', '117', '3');
INSERT INTO `jm_node` VALUES ('125', 'sort', '更新广告排序', '1', null, '7', '117', '3');
INSERT INTO `jm_node` VALUES ('126', 'getcode', '获取广告代码', '1', null, '8', '117', '3');
INSERT INTO `jm_node` VALUES ('127', 'delDetail', '删除广告', '1', null, '9', '117', '3');

-- ----------------------------
-- Table structure for jm_orderaction
-- ----------------------------
DROP TABLE IF EXISTS `jm_orderaction`;
CREATE TABLE `jm_orderaction` (
  `id` int(10) unsigned NOT NULL AUTO_INCREMENT COMMENT '流水号',
  `orderid` varchar(30) NOT NULL,
  `order_status` tinyint(1) NOT NULL DEFAULT '0' COMMENT '订单状态',
  `distribution_status` tinyint(1) NOT NULL DEFAULT '0' COMMENT '配送状态',
  `pay_status` tinyint(1) NOT NULL DEFAULT '0' COMMENT '支付状态',
  `aid` int(10) NOT NULL DEFAULT '0',
  `note` varchar(255) NOT NULL DEFAULT '',
  `publishtime` int(10) NOT NULL DEFAULT '0',
  PRIMARY KEY (`id`),
  KEY `orderid` (`orderid`)
) ENGINE=MyISAM DEFAULT CHARSET=utf8;

-- ----------------------------
-- Records of jm_orderaction
-- ----------------------------

-- ----------------------------
-- Table structure for jm_orderdetail
-- ----------------------------
DROP TABLE IF EXISTS `jm_orderdetail`;
CREATE TABLE `jm_orderdetail` (
  `id` int(11) NOT NULL AUTO_INCREMENT,
  `orderid` varchar(30) DEFAULT NULL COMMENT '订单ID',
  `productid` int(11) DEFAULT NULL,
  `userid` int(10) NOT NULL DEFAULT '0',
  `title` varchar(50) NOT NULL DEFAULT '',
  `price` decimal(8,2) NOT NULL DEFAULT '0.00',
  `marketprice` decimal(8,2) NOT NULL DEFAULT '0.00',
  `num` int(10) NOT NULL DEFAULT '1',
  PRIMARY KEY (`id`)
) ENGINE=MyISAM DEFAULT CHARSET=utf8;

-- ----------------------------
-- Records of jm_orderdetail
-- ----------------------------

-- ----------------------------
-- Table structure for jm_orderinfo
-- ----------------------------
DROP TABLE IF EXISTS `jm_orderinfo`;
CREATE TABLE `jm_orderinfo` (
  `orderid` varchar(30) NOT NULL,
  `userid` int(10) unsigned NOT NULL DEFAULT '0',
  `payid` tinyint(2) NOT NULL DEFAULT '1' COMMENT '支付方式',
  `expressprice` decimal(8,2) NOT NULL DEFAULT '0.00' COMMENT '邮费/运费',
  `prdouctprice` decimal(8,2) NOT NULL DEFAULT '0.00' COMMENT '产品总价格',
  `totalprice` decimal(8,2) NOT NULL DEFAULT '0.00' COMMENT '总价格',
  `consignee` varchar(30) DEFAULT NULL COMMENT '收件人',
  `address` varchar(255) NOT NULL DEFAULT '',
  `zip` int(10) NOT NULL DEFAULT '0',
  `tel` varchar(60) NOT NULL DEFAULT '',
  `email` varchar(100) NOT NULL DEFAULT '',
  `remark` varchar(255) NOT NULL DEFAULT '',
  `note` varchar(255) NOT NULL DEFAULT '',
  `order_status` tinyint(1) NOT NULL DEFAULT '0' COMMENT '订单状态',
  `distribution_status` tinyint(1) NOT NULL DEFAULT '0' COMMENT '配送状态',
  `pay_status` tinyint(1) NOT NULL DEFAULT '0' COMMENT '支付状态',
  `ip` char(15) NOT NULL DEFAULT '',
  `stime` int(10) NOT NULL DEFAULT '0',
  `confirm_time` int(10) unsigned NOT NULL DEFAULT '0' COMMENT '确认时间',
  `pay_time` int(10) unsigned NOT NULL DEFAULT '0' COMMENT '支付时间',
  `distribution_time` int(10) unsigned NOT NULL DEFAULT '0' COMMENT '配送时间',
  PRIMARY KEY (`orderid`),
  KEY `stime` (`stime`)
) ENGINE=MyISAM DEFAULT CHARSET=utf8;

-- ----------------------------
-- Records of jm_orderinfo
-- ----------------------------

-- ----------------------------
-- Table structure for jm_picture
-- ----------------------------
DROP TABLE IF EXISTS `jm_picture`;
CREATE TABLE `jm_picture` (
  `id` int(10) unsigned NOT NULL AUTO_INCREMENT,
  `title` varchar(30) NOT NULL DEFAULT '' COMMENT '标题',
  `color` char(10) NOT NULL DEFAULT '' COMMENT '标题颜色',
  `keywords` varchar(50) DEFAULT '' COMMENT '关键字',
  `litpic` varchar(150) NOT NULL DEFAULT '' COMMENT '缩略图',
  `description` varchar(255) NOT NULL DEFAULT '' COMMENT '摘要描述',
  `copyfrom` varchar(100) NOT NULL DEFAULT '' COMMENT '来源',
  `template` varchar(30) NOT NULL DEFAULT '' COMMENT '模板',
  `pictureurls` text COMMENT '图片地址',
  `content` text COMMENT '内容',
  `publishtime` int(10) unsigned NOT NULL DEFAULT '0' COMMENT '发布时间',
  `updatetime` int(10) unsigned NOT NULL DEFAULT '0' COMMENT '更新时间',
  `click` smallint(6) unsigned NOT NULL DEFAULT '0' COMMENT '点击数',
  `cid` int(10) unsigned NOT NULL COMMENT '分类ID',
  `commentflag` tinyint(1) NOT NULL DEFAULT '1' COMMENT '允许评论',
  `flag` tinyint(3) unsigned NOT NULL DEFAULT '0' COMMENT '属性',
  `jumpurl` varchar(200) NOT NULL DEFAULT '',
  `status` tinyint(1) unsigned NOT NULL DEFAULT '0' COMMENT '1回收站',
  `userid` int(10) unsigned NOT NULL DEFAULT '0',
  `aid` int(10) unsigned NOT NULL DEFAULT '0' COMMENT 'admin',
  PRIMARY KEY (`id`),
  KEY `cid` (`cid`)
) ENGINE=MyISAM AUTO_INCREMENT=2 DEFAULT CHARSET=utf8;

-- ----------------------------
-- Records of jm_picture
-- ----------------------------
INSERT INTO `jm_picture` VALUES ('1', '仓普花园', '#000', '', '/jiumu/uploads/img1/20150413/552b972e7458b.jpg!300X300.jpg', '', '', '', '/jiumu/uploads/img1/20150413/552b972e7458b.jpg$$$$$$|||/jiumu/uploads/img1/20150413/552b973219c2c.jpg$$$$$$|||/jiumu/uploads/img1/20150413/552b9736ae381.jpg$$$$$$|||/jiumu/uploads/img1/20150413/552b97397a0f3.jpg$$$$$$|||/jiumu/uploads/img1/20150413/552b973c75a2a.jpg$$$$$$|||/jiumu/uploads/img1/20150413/552b97414d037.jpg$$$$$$', '', '1428919883', '1428920131', '70', '3', '1', '1', '', '0', '0', '1');

-- ----------------------------
-- Table structure for jm_product
-- ----------------------------
DROP TABLE IF EXISTS `jm_product`;
CREATE TABLE `jm_product` (
  `id` int(10) unsigned NOT NULL AUTO_INCREMENT,
  `title` varchar(30) NOT NULL DEFAULT '' COMMENT '标题',
  `color` char(10) NOT NULL DEFAULT '' COMMENT '标题颜色',
  `keywords` varchar(50) DEFAULT '' COMMENT '关键字',
  `litpic` varchar(150) NOT NULL DEFAULT '' COMMENT '缩略图',
  `pictureurls` text COMMENT '图片地址',
  `content` text COMMENT '内容',
  `description` varchar(255) NOT NULL DEFAULT '' COMMENT '摘要描述',
  `price` decimal(8,2) NOT NULL DEFAULT '0.00',
  `marketprice` decimal(8,2) NOT NULL DEFAULT '0.00',
  `brand` varchar(50) NOT NULL DEFAULT '' COMMENT '品牌',
  `units` varchar(50) NOT NULL DEFAULT '' COMMENT '单位',
  `specification` varchar(50) NOT NULL DEFAULT '' COMMENT '规格',
  `publishtime` int(10) unsigned NOT NULL DEFAULT '0' COMMENT '发布时间',
  `updatetime` int(10) unsigned NOT NULL DEFAULT '0' COMMENT '更新时间',
  `click` smallint(6) unsigned NOT NULL DEFAULT '0' COMMENT '点击数',
  `cid` int(10) unsigned NOT NULL COMMENT '分类ID',
  `commentflag` tinyint(1) NOT NULL DEFAULT '1' COMMENT '允许评论',
  `flag` tinyint(3) unsigned NOT NULL DEFAULT '0' COMMENT '属性',
  `jumpurl` varchar(200) NOT NULL DEFAULT '',
  `status` tinyint(1) unsigned NOT NULL DEFAULT '0' COMMENT '1回收站',
  `userid` int(10) unsigned NOT NULL DEFAULT '0',
  `aid` int(10) unsigned NOT NULL DEFAULT '0' COMMENT 'admin',
  PRIMARY KEY (`id`),
  KEY `cid` (`cid`)
) ENGINE=MyISAM DEFAULT CHARSET=utf8;

-- ----------------------------
-- Records of jm_product
-- ----------------------------

-- ----------------------------
-- Table structure for jm_role
-- ----------------------------
DROP TABLE IF EXISTS `jm_role`;
CREATE TABLE `jm_role` (
  `id` smallint(6) unsigned NOT NULL AUTO_INCREMENT,
  `name` varchar(20) NOT NULL,
  `pid` smallint(6) DEFAULT NULL,
  `status` tinyint(1) unsigned DEFAULT NULL,
  `remark` varchar(255) DEFAULT NULL,
  PRIMARY KEY (`id`),
  KEY `pid` (`pid`),
  KEY `status` (`status`)
) ENGINE=MyISAM AUTO_INCREMENT=2 DEFAULT CHARSET=utf8;

-- ----------------------------
-- Records of jm_role
-- ----------------------------
INSERT INTO `jm_role` VALUES ('1', '管理员', '0', '1', '管理员');

-- ----------------------------
-- Table structure for jm_role_user
-- ----------------------------
DROP TABLE IF EXISTS `jm_role_user`;
CREATE TABLE `jm_role_user` (
  `role_id` mediumint(9) unsigned DEFAULT NULL,
  `user_id` char(32) DEFAULT NULL,
  KEY `group_id` (`role_id`),
  KEY `user_id` (`user_id`)
) ENGINE=MyISAM DEFAULT CHARSET=utf8;

-- ----------------------------
-- Records of jm_role_user
-- ----------------------------
INSERT INTO `jm_role_user` VALUES ('0', '1');
INSERT INTO `jm_role_user` VALUES ('1', '2');

-- ----------------------------
-- Table structure for jm_soft
-- ----------------------------
DROP TABLE IF EXISTS `jm_soft`;
CREATE TABLE `jm_soft` (
  `id` int(10) unsigned NOT NULL AUTO_INCREMENT,
  `title` varchar(30) NOT NULL DEFAULT '' COMMENT '标题',
  `color` char(10) NOT NULL DEFAULT '' COMMENT '标题颜色',
  `keywords` varchar(50) DEFAULT '' COMMENT '关键字',
  `litpic` varchar(150) NOT NULL DEFAULT '' COMMENT '缩略图',
  `pictureurls` text,
  `content` text COMMENT '内容',
  `updatelog` text COMMENT '更新日志',
  `downlink` text COMMENT '下载地址',
  `description` varchar(255) NOT NULL DEFAULT '' COMMENT '摘要描述',
  `version` varchar(20) NOT NULL DEFAULT '' COMMENT '版本号',
  `softtype` int(10) unsigned NOT NULL DEFAULT '0' COMMENT '软件类型',
  `copytype` int(10) unsigned NOT NULL DEFAULT '0' COMMENT '授权形式',
  `language` int(10) unsigned NOT NULL DEFAULT '0' COMMENT '语言',
  `os` varchar(100) NOT NULL DEFAULT '' COMMENT '运行环境',
  `filesize` varchar(10) NOT NULL DEFAULT '' COMMENT '文件大小',
  `officialurl` varchar(100) NOT NULL DEFAULT '' COMMENT '官方网站',
  `publishtime` int(10) unsigned NOT NULL DEFAULT '0' COMMENT '发布时间',
  `updatetime` int(10) unsigned NOT NULL DEFAULT '0' COMMENT '更新时间',
  `click` smallint(6) unsigned NOT NULL DEFAULT '0' COMMENT '点击数',
  `cid` int(10) unsigned NOT NULL COMMENT '分类ID',
  `commentflag` tinyint(1) NOT NULL DEFAULT '1' COMMENT '允许评论',
  `flag` tinyint(3) unsigned NOT NULL DEFAULT '0' COMMENT '属性',
  `jumpurl` varchar(200) NOT NULL DEFAULT '',
  `status` tinyint(1) unsigned NOT NULL DEFAULT '0' COMMENT '1回收站',
  `userid` int(10) unsigned NOT NULL DEFAULT '0',
  `aid` int(10) unsigned NOT NULL DEFAULT '0' COMMENT 'admin',
  PRIMARY KEY (`id`),
  KEY `cid` (`cid`)
) ENGINE=MyISAM DEFAULT CHARSET=utf8;

-- ----------------------------
-- Records of jm_soft
-- ----------------------------

-- ----------------------------
-- Table structure for jm_special
-- ----------------------------
DROP TABLE IF EXISTS `jm_special`;
CREATE TABLE `jm_special` (
  `id` int(10) unsigned NOT NULL AUTO_INCREMENT,
  `title` varchar(60) NOT NULL DEFAULT '',
  `shorttitle` varchar(30) NOT NULL DEFAULT '' COMMENT '副标题',
  `color` char(10) NOT NULL DEFAULT '',
  `author` varchar(30) NOT NULL DEFAULT '',
  `keywords` varchar(50) DEFAULT '' COMMENT '关键字',
  `litpic` varchar(150) NOT NULL DEFAULT '' COMMENT '缩略图',
  `description` varchar(255) NOT NULL DEFAULT '',
  `content` text COMMENT '内容',
  `publishtime` int(10) unsigned NOT NULL DEFAULT '0',
  `updatetime` int(10) unsigned NOT NULL DEFAULT '0',
  `click` smallint(6) unsigned NOT NULL DEFAULT '0' COMMENT '点击数',
  `cid` int(10) unsigned NOT NULL COMMENT '分类ID',
  `commentflag` tinyint(1) NOT NULL DEFAULT '1' COMMENT '允许评论',
  `flag` tinyint(3) unsigned NOT NULL DEFAULT '0' COMMENT '属性',
  `jumpurl` varchar(200) NOT NULL DEFAULT '',
  `status` tinyint(1) unsigned NOT NULL DEFAULT '0' COMMENT '1回收站',
  `filename` varchar(60) DEFAULT '',
  `template` varchar(60) NOT NULL DEFAULT '',
  `aid` int(10) unsigned NOT NULL DEFAULT '0' COMMENT 'admin',
  PRIMARY KEY (`id`),
  KEY `cid` (`cid`)
) ENGINE=MyISAM DEFAULT CHARSET=utf8;

-- ----------------------------
-- Records of jm_special
-- ----------------------------
